timestamp,symbol,side,qty,price,fee,realized_pnl,date
2025-07-30 17:08:10.654762+00:00,TEST,buy,1.0,0.01,0.0,0.0,2025-07-30 00:00:00+00:00
2025-07-30 17:08:47.977984+00:00,TEST,buy,1.0,0.01,0.0,0.0,2025-07-30 00:00:00+00:00
2025-07-30 17:11:21.566123+00:00,TEST,buy,1.0,0.01,0.0,0.0,2025-07-30 00:00:00+00:00
2025-07-30 17:12:53.781045+00:00,TEST,buy,1.0,0.01,0.0,0.0,2025-07-30 00:00:00+00:00
2025-07-30 17:16:33.943129+00:00,TEST,buy,1.0,0.01,0.0,0.0,2025-07-30 00:00:00+00:00
2025-07-30 17:26:06.094175+00:00,NVDA,sell,16.0,179.1,0.0,0.0,2025-07-30 00:00:00+00:00
2025-07-30 17:26:11.726512+00:00,TSLA,buy,9.0,317.83,0.0,0.0,2025-07-30 00:00:00+00:00
2025-07-30 17:26:16.376921+00:00,JPM,sell,9.0,299.37,0.0,0.0,2025-07-30 00:00:00+00:00
2025-07-30 17:26:21.658483+00:00,UNH,buy,11.0,262.19,0.0,0.0,2025-07-30 00:00:00+00:00
2025-07-30 17:26:26.790428+00:00,PG,buy,18.0,154.16,0.0,0.0,2025-07-30 00:00:00+00:00
2025-07-30 17:26:31.800097+00:00,DIS,buy,24.0,120.19,0.0,0.0,2025-07-30 00:00:00+00:00
2025-07-30 17:26:36.853397+00:00,XOM,sell,25.0,112.13,0.0,0.0,2025-07-30 00:00:00+00:00
2025-07-30 17:26:41.939210+00:00,PFE,buy,119.0,24.12,0.0,0.0,2025-07-30 00:00:00+00:00
2025-07-30 17:26:46.954893+00:00,NKE,sell,37.0,76.76,0.0,0.0,2025-07-30 00:00:00+00:00
2025-07-30 17:26:51.308062+00:00,ORCL,sell,69.0,248.71,0.0,0.0,2025-07-30 00:00:00+00:00
2025-07-30 17:26:56.580647+00:00,CVX,sell,18.0,154.92,0.0,0.0,2025-07-30 00:00:00+00:00
2025-07-30 17:27:01.403375+00:00,MCD,buy,21.0,304.135,0.0,0.0,2025-07-30 00:00:00+00:00
2025-07-30 17:27:06.510905+00:00,WMT,buy,36.0,97.72,0.0,0.0,2025-07-30 00:00:00+00:00
2025-07-30 17:27:11.815317+00:00,PEP,buy,20.0,143.62,0.0,0.0,2025-07-30 00:00:00+00:00
2025-07-30 17:27:17.117393+00:00,ABBV,sell,15.0,190.53,0.0,0.0,2025-07-30 00:00:00+00:00
2025-07-30 17:27:23.096825+00:00,CRM,buy,53.0,267.32,0.0,0.0,2025-07-30 00:00:00+00:00
2025-07-30 17:27:27.724707+00:00,INTC,buy,142.0,20.255,0.0,0.0,2025-07-30 00:00:00+00:00
2025-07-30 17:27:32.318891+00:00,CMCSA,buy,87.0,32.92,0.0,0.0,2025-07-30 00:00:00+00:00
2025-07-30 17:27:37.252721+00:00,NFLX,buy,2.0,1174.09,0.0,0.0,2025-07-30 00:00:00+00:00
2025-07-30 18:02:36.254453+00:00,CRM,buy,1.0,266.19,0.0,0.0,2025-07-30 00:00:00+00:00
2025-07-31 12:46:00.727175+00:00,AAPL,buy,2.0,208.96,0.0,0.0,2025-07-31 00:00:00+00:00
2025-07-31 12:46:05.270896+00:00,MSFT,sell,4.0,513.33,0.0,0.0,2025-07-31 00:00:00+00:00
2025-07-31 12:46:09.864386+00:00,GOOGL,sell,2.0,195.58,0.0,0.0,2025-07-31 00:00:00+00:00
2025-07-31 12:46:14.493919+00:00,GOOG,sell,2.0,196.84,0.0,0.0,2025-07-31 00:00:00+00:00
2025-07-31 12:46:18.911246+00:00,NVDA,sell,1.0,183.27,0.0,0.0,2025-07-31 00:00:00+00:00
2025-07-31 12:46:23.312657+00:00,META,buy,4.0,755.64,0.0,0.0,2025-07-31 00:00:00+00:00
2025-07-31 12:46:27.769834+00:00,TSLA,buy,1.0,318.12,0.0,0.0,2025-07-31 00:00:00+00:00
2025-07-31 12:46:32.239840+00:00,JPM,sell,1.0,299.81,0.0,0.0,2025-07-31 00:00:00+00:00
2025-07-31 12:46:36.635390+00:00,UNH,buy,1.0,266.07,0.0,0.0,2025-07-31 00:00:00+00:00
2025-07-31 12:46:41.115721+00:00,PG,buy,3.0,152.77,0.0,0.0,2025-07-31 00:00:00+00:00
2025-07-31 12:46:45.634847+00:00,DIS,buy,3.0,119.55,0.0,0.0,2025-07-31 00:00:00+00:00
2025-07-31 12:46:50.317729+00:00,XOM,sell,4.0,111.94,0.0,0.0,2025-07-31 00:00:00+00:00
2025-07-31 12:46:54.798648+00:00,PFE,buy,18.0,23.67,0.0,0.0,2025-07-31 00:00:00+00:00
2025-07-31 12:46:59.184991+00:00,MRK,buy,39.0,81.81,0.0,0.0,2025-07-31 00:00:00+00:00
2025-07-31 12:47:03.757470+00:00,NKE,buy,37.0,76.71,0.0,0.0,2025-07-31 00:00:00+00:00
2025-07-31 12:47:08.119856+00:00,ORCL,sell,8.0,250.6,0.0,0.0,2025-07-31 00:00:00+00:00
2025-07-31 12:47:12.545650+00:00,CVX,buy,18.0,153.575,0.0,0.0,2025-07-31 00:00:00+00:00
2025-07-31 12:47:17.112606+00:00,MCD,sell,7.0,303.58,0.0,-3.8850000000000477,2025-07-31 00:00:00+00:00
2025-07-31 12:47:21.713175+00:00,WMT,buy,4.0,97.63,0.0,0.0,2025-07-31 00:00:00+00:00
2025-07-31 12:47:26.114737+00:00,PEP,sell,20.0,142.91,0.0,-14.20000000000016,2025-07-31 00:00:00+00:00
2025-07-31 12:47:30.543825+00:00,ABBV,buy,15.0,189.345,0.0,0.0,2025-07-31 00:00:00+00:00
2025-07-31 12:47:35.101629+00:00,CRM,buy,7.0,264.72,0.0,0.0,2025-07-31 00:00:00+00:00
2025-07-31 12:47:39.600957+00:00,INTC,buy,19.0,20.17,0.0,0.0,2025-07-31 00:00:00+00:00
2025-07-31 12:47:44.167798+00:00,ABT,sell,25.0,128.56,0.0,0.0,2025-07-31 00:00:00+00:00
2025-07-31 12:47:48.676092+00:00,CMCSA,buy,14.0,32.09,0.0,0.0,2025-07-31 00:00:00+00:00
2025-07-31 12:47:53.245122+00:00,NFLX,sell,2.0,1183.86,0.0,19.539999999999964,2025-07-31 00:00:00+00:00
2025-07-31 21:28:38.085627+00:00,NVDA,sell,1.0,178.06,0.0,0.0,2025-07-31 00:00:00+00:00
2025-07-31 21:28:41.620662+00:00,MRK,buy,2.0,78.16,0.0,0.0,2025-07-31 00:00:00+00:00
2025-07-31 21:28:45.340286+00:00,CRM,buy,1.0,258.45,0.0,0.0,2025-07-31 00:00:00+00:00
2025-07-31 21:28:48.945078+00:00,CMCSA,sell,3.0,33.24,0.0,0.9600000000000009,2025-07-31 00:00:00+00:00
2025-08-03 21:27:40.325161+00:00,AMZN,buy,15.0,214.855,0.0,0.0,2025-08-03 00:00:00+00:00
2025-08-03 21:27:45.003219+00:00,GOOGL,buy,16.0,189.08,0.0,0.0,2025-08-03 00:00:00+00:00
2025-08-03 21:27:49.419334+00:00,GOOG,buy,16.0,190.0,0.0,0.0,2025-08-03 00:00:00+00:00
2025-08-03 21:27:53.980149+00:00,TSLA,sell,10.0,302.68,0.0,-151.7899999999998,2025-08-03 00:00:00+00:00
2025-08-03 21:27:58.459288+00:00,JPM,buy,10.0,289.21,0.0,0.0,2025-08-03 00:00:00+00:00
2025-08-03 21:28:02.961173+00:00,V,buy,9.0,339.22,0.0,0.0,2025-08-03 00:00:00+00:00
2025-08-03 21:28:07.380111+00:00,UNH,buy,1.0,237.705,0.0,0.0,2025-08-03 00:00:00+00:00
2025-08-03 21:28:11.877607+00:00,HD,sell,8.0,373.7,0.0,0.0,2025-08-03 00:00:00+00:00
2025-08-03 21:28:16.258065+00:00,PG,sell,21.0,150.65,0.0,-69.53999999999985,2025-08-03 00:00:00+00:00
2025-08-03 21:28:20.578678+00:00,BAC,buy,70.0,45.64,0.0,0.0,2025-08-03 00:00:00+00:00
2025-08-03 21:28:25.055686+00:00,DIS,sell,27.0,116.58,0.0,-95.54999999999998,2025-08-03 00:00:00+00:00
2025-08-03 21:28:29.442061+00:00,XOM,buy,29.0,109.61,0.0,0.0,2025-08-03 00:00:00+00:00
2025-08-03 21:28:33.811444+00:00,ORCL,sell,2.0,244.44,0.0,0.0,2025-08-03 00:00:00+00:00
2025-08-03 21:28:38.235700+00:00,COST,sell,3.0,952.59,0.0,0.0,2025-08-03 00:00:00+00:00
2025-08-03 21:28:42.595024+00:00,ABBV,sell,16.0,195.22,0.0,88.125,2025-08-03 00:00:00+00:00
2025-08-03 21:28:46.966011+00:00,CRM,buy,15.0,250.79,0.0,0.0,2025-08-03 00:00:00+00:00
2025-08-03 21:28:51.340244+00:00,INTC,buy,5.0,19.35,0.0,0.0,2025-08-03 00:00:00+00:00
2025-08-03 21:28:55.756015+00:00,ADBE,buy,9.0,347.7,0.0,0.0,2025-08-03 00:00:00+00:00
2025-08-03 21:29:00.041263+00:00,CMCSA,sell,98.0,32.52,0.0,-27.579999999999885,2025-08-03 00:00:00+00:00
2025-08-04 21:29:39.279889+00:00,ORCL,buy,2.0,252.49,0.0,0.0,2025-08-04 00:00:00+00:00
2025-08-04 21:29:43.454726+00:00,MCD,sell,1.0,304.17,0.0,0.03500000000002501,2025-08-04 00:00:00+00:00
2025-08-05 21:29:25.831319+00:00,TSLA,buy,10.0,308.635,0.0,0.0,2025-08-05 00:00:00+00:00
2025-08-05 21:29:29.905889+00:00,JNJ,sell,18.0,170.74,0.0,0.0,2025-08-05 00:00:00+00:00
2025-08-05 21:29:33.938545+00:00,V,sell,9.0,337.17,0.0,-18.450000000000102,2025-08-05 00:00:00+00:00
2025-08-05 21:29:37.913234+00:00,HD,buy,8.0,385.275,0.0,0.0,2025-08-05 00:00:00+00:00
2025-08-05 21:29:42.002249+00:00,PFE,sell,137.0,24.72,0.0,90.2999999999997,2025-08-05 00:00:00+00:00
2025-08-05 21:29:45.911461+00:00,MRK,sell,1.0,80.795,0.0,-1.0150000000000006,2025-08-05 00:00:00+00:00
2025-08-05 21:29:49.911374+00:00,NKE,buy,43.0,74.38,0.0,0.0,2025-08-05 00:00:00+00:00
2025-08-05 21:29:53.967354+00:00,ORCL,buy,1.0,255.68,0.0,0.0,2025-08-05 00:00:00+00:00
2025-08-05 21:29:58.110970+00:00,CRM,buy,12.0,247.3,0.0,0.0,2025-08-05 00:00:00+00:00
2025-08-05 21:30:02.210434+00:00,INTC,buy,789.0,20.09,0.0,0.0,2025-08-05 00:00:00+00:00
2025-08-06 21:27:15.244502+00:00,AAPL,sell,2.0,213.275,0.0,8.629999999999995,2025-08-06 00:00:00+00:00
2025-08-06 21:27:19.163644+00:00,AMZN,sell,2.0,222.33,0.0,14.950000000000045,2025-08-06 00:00:00+00:00
2025-08-06 21:27:22.827987+00:00,NVDA,buy,2.0,179.43,0.0,0.0,2025-08-06 00:00:00+00:00
2025-08-06 21:27:26.370674+00:00,TSLA,sell,1.0,320.35,0.0,11.715000000000032,2025-08-06 00:00:00+00:00
2025-08-06 21:27:29.933654+00:00,JNJ,buy,2.0,170.61,0.0,0.0,2025-08-06 00:00:00+00:00
2025-08-06 21:27:33.528367+00:00,V,buy,7.0,339.67,0.0,0.0,2025-08-06 00:00:00+00:00
2025-08-06 21:27:37.171398+00:00,UNH,sell,13.0,245.84,0.0,-191.94499999999994,2025-08-06 00:00:00+00:00
2025-08-06 21:27:40.793687+00:00,HD,sell,6.0,386.72,0.0,8.6700000000003,2025-08-06 00:00:00+00:00
2025-08-06 21:27:44.352049+00:00,PG,buy,17.0,152.87,0.0,0.0,2025-08-06 00:00:00+00:00
2025-08-06 21:27:47.831996+00:00,BAC,sell,10.0,45.44,0.0,-2.0000000000000284,2025-08-06 00:00:00+00:00
2025-08-06 21:27:51.382180+00:00,XOM,buy,25.0,106.54,0.0,0.0,2025-08-06 00:00:00+00:00
2025-08-06 21:27:54.964196+00:00,PFE,sell,112.0,23.96,0.0,0.0,2025-08-06 00:00:00+00:00
2025-08-06 21:27:58.580583+00:00,KO,buy,86.0,69.53,0.0,0.0,2025-08-06 00:00:00+00:00
2025-08-06 21:28:02.165558+00:00,MRK,sell,40.0,79.46,0.0,-86.70000000000033,2025-08-06 00:00:00+00:00
2025-08-06 21:28:05.798652+00:00,NKE,sell,7.0,75.505,0.0,-8.434999999999988,2025-08-06 00:00:00+00:00
2025-08-06 21:28:09.527126+00:00,ORCL,buy,12.0,256.425,0.0,0.0,2025-08-06 00:00:00+00:00
2025-08-06 21:28:13.164138+00:00,T,sell,98.0,27.5,0.0,0.0,2025-08-06 00:00:00+00:00
2025-08-06 21:28:16.796479+00:00,MCD,buy,6.0,307.515,0.0,0.0,2025-08-06 00:00:00+00:00
2025-08-06 21:28:20.495701+00:00,WMT,buy,17.0,103.36,0.0,0.0,2025-08-06 00:00:00+00:00
2025-08-06 21:28:24.326700+00:00,COST,buy,3.0,968.65,0.0,0.0,2025-08-06 00:00:00+00:00
2025-08-06 21:28:27.886536+00:00,ABBV,buy,2.0,196.355,0.0,0.0,2025-08-06 00:00:00+00:00
2025-08-06 21:28:31.440756+00:00,CRM,sell,1.0,249.16,0.0,-18.159999999999997,2025-08-06 00:00:00+00:00
2025-08-06 21:28:35.081819+00:00,INTC,sell,293.0,20.36,0.0,57.85999999999996,2025-08-06 00:00:00+00:00
2025-08-06 21:28:38.688218+00:00,ABT,buy,4.0,130.96,0.0,0.0,2025-08-06 00:00:00+00:00
2025-08-06 21:28:42.227070+00:00,ADBE,sell,1.0,345.52,0.0,-2.180000000000007,2025-08-06 00:00:00+00:00
2025-08-07 21:27:36.250087+00:00,MSFT,sell,1.0,520.8,0.0,0.0,2025-08-07 00:00:00+00:00
2025-08-07 21:27:39.919440+00:00,NVDA,buy,16.0,180.85,0.0,0.0,2025-08-07 00:00:00+00:00
2025-08-07 21:27:43.529841+00:00,TSLA,sell,9.0,322.15,0.0,121.63499999999988,2025-08-07 00:00:00+00:00
2025-08-07 21:27:47.081605+00:00,JPM,buy,9.0,287.02,0.0,0.0,2025-08-07 00:00:00+00:00
2025-08-07 21:27:50.752073+00:00,V,buy,1.0,332.02,0.0,0.0,2025-08-07 00:00:00+00:00
2025-08-07 21:27:54.378872+00:00,UNH,buy,11.0,244.65,0.0,0.0,2025-08-07 00:00:00+00:00
2025-08-07 21:27:58.033106+00:00,HD,sell,1.0,386.06,0.0,0.785000000000025,2025-08-07 00:00:00+00:00
2025-08-07 21:28:01.736148+00:00,PG,buy,24.0,153.44,0.0,0.0,2025-08-07 00:00:00+00:00
2025-08-07 21:28:05.405726+00:00,BAC,buy,3.0,44.93,0.0,0.0,2025-08-07 00:00:00+00:00
2025-08-07 21:28:09.063762+00:00,DIS,buy,25.0,112.875,0.0,0.0,2025-08-07 00:00:00+00:00
2025-08-07 21:28:12.691143+00:00,XOM,buy,1.0,105.94,0.0,0.0,2025-08-07 00:00:00+00:00
2025-08-07 21:28:16.661866+00:00,PFE,buy,112.0,24.24,0.0,0.0,2025-08-07 00:00:00+00:00
2025-08-07 21:28:20.343541+00:00,KO,buy,3.0,70.47,0.0,0.0,2025-08-07 00:00:00+00:00
2025-08-07 21:28:24.265029+00:00,MRK,buy,35.0,80.38,0.0,0.0,2025-08-07 00:00:00+00:00
2025-08-07 21:28:27.852942+00:00,NKE,sell,36.0,74.33,0.0,-71.69999999999985,2025-08-07 00:00:00+00:00
2025-08-07 21:28:31.583860+00:00,ORCL,sell,4.0,249.46,0.0,-19.245000000000005,2025-08-07 00:00:00+00:00
2025-08-07 21:28:35.289894+00:00,T,buy,98.0,28.08,0.0,0.0,2025-08-07 00:00:00+00:00
2025-08-07 21:28:38.972978+00:00,MCD,sell,19.0,307.93,0.0,51.82500000000033,2025-08-07 00:00:00+00:00
2025-08-07 21:28:42.645823+00:00,COST,sell,2.0,977.0,0.0,16.700000000000045,2025-08-07 00:00:00+00:00
2025-08-07 21:28:46.503971+00:00,INTC,buy,54.0,19.8,0.0,0.0,2025-08-07 00:00:00+00:00
2025-08-08 19:05:52.314116+00:00,MSFT,buy,9.0,522.55,0.0,0.0,2025-08-08 00:00:00+00:00
2025-08-08 19:05:56.859010+00:00,META,sell,4.0,768.5,0.0,51.440000000000055,2025-08-08 00:00:00+00:00
2025-08-08 19:06:01.433405+00:00,TSLA,sell,8.0,329.875,0.0,0.0,2025-08-08 00:00:00+00:00
2025-08-08 19:06:05.987999+00:00,UNH,sell,10.0,249.46,0.0,48.10000000000002,2025-08-08 00:00:00+00:00
2025-08-08 19:06:10.403124+00:00,PG,sell,2.0,153.28,0.0,0.8199999999999932,2025-08-08 00:00:00+00:00
2025-08-08 19:06:15.058904+00:00,BAC,sell,4.0,46.1,0.0,1.8400000000000034,2025-08-08 00:00:00+00:00
2025-08-08 19:06:19.674870+00:00,DIS,sell,1.0,112.47,0.0,-0.40500000000000114,2025-08-08 00:00:00+00:00
2025-08-08 19:06:24.277572+00:00,PFE,sell,109.0,24.51,0.0,29.43000000000034,2025-08-08 00:00:00+00:00
2025-08-08 19:06:28.775634+00:00,KO,sell,3.0,70.265,0.0,2.2049999999999983,2025-08-08 00:00:00+00:00
2025-08-08 19:06:33.246443+00:00,MRK,sell,35.0,80.74,0.0,12.59999999999998,2025-08-08 00:00:00+00:00
2025-08-08 19:06:37.747879+00:00,ORCL,buy,14.0,249.69,0.0,0.0,2025-08-08 00:00:00+00:00
2025-08-08 19:06:47.484600+00:00,PEP,sell,18.0,145.14,0.0,0.0,2025-08-08 00:00:00+00:00
2025-08-08 19:06:52.023069+00:00,INTC,sell,42.0,19.955,0.0,-5.670000000000066,2025-08-08 00:00:00+00:00
2025-08-08 19:06:56.510642+00:00,ABT,buy,1.0,134.495,0.0,0.0,2025-08-08 00:00:00+00:00
2025-08-08 19:07:01.041429+00:00,CMCSA,buy,84.0,31.665,0.0,0.0,2025-08-08 00:00:00+00:00
2025-08-10 21:25:52.512347+00:00,AMZN,sell,13.0,222.695,0.0,101.92000000000004,2025-08-10 00:00:00+00:00
2025-08-10 21:25:56.890982+00:00,GOOGL,sell,80.0,201.44,0.0,197.75999999999976,2025-08-10 00:00:00+00:00
2025-08-10 21:26:01.244791+00:00,GOOG,sell,13.0,202.33,0.0,160.29000000000016,2025-08-10 00:00:00+00:00
2025-08-10 21:26:05.638434+00:00,NVDA,sell,14.0,182.755,0.0,29.50999999999999,2025-08-10 00:00:00+00:00
2025-08-10 21:26:09.934082+00:00,JNJ,buy,16.0,173.32,0.0,0.0,2025-08-10 00:00:00+00:00
2025-08-10 21:26:14.498021+00:00,HD,buy,7.0,387.8,0.0,0.0,2025-08-10 00:00:00+00:00
2025-08-10 21:26:19.082513+00:00,BAC,sell,59.0,46.04,0.0,25.72999999999992,2025-08-10 00:00:00+00:00
2025-08-10 21:26:23.711656+00:00,CSCO,sell,37.0,71.805,0.0,0.0,2025-08-10 00:00:00+00:00
2025-08-10 21:26:28.530662+00:00,NKE,buy,36.0,74.17,0.0,0.0,2025-08-10 00:00:00+00:00
2025-08-10 21:26:32.938769+00:00,ORCL,buy,54.0,250.1,0.0,0.0,2025-08-10 00:00:00+00:00
2025-08-10 21:26:37.599939+00:00,COST,buy,2.0,981.145,0.0,0.0,2025-08-10 00:00:00+00:00
2025-08-10 21:26:41.982311+00:00,PEP,buy,18.0,145.24,0.0,0.0,2025-08-10 00:00:00+00:00
2025-08-10 21:26:46.467217+00:00,ABBV,buy,14.0,198.02,0.0,0.0,2025-08-10 00:00:00+00:00
2025-08-10 21:26:50.875339+00:00,CRM,buy,56.0,240.44,0.0,0.0,2025-08-10 00:00:00+00:00
2025-08-10 21:26:55.335675+00:00,INTC,sell,674.0,19.96,0.0,-71.95999999999938,2025-08-10 00:00:00+00:00
2025-08-10 21:26:59.656709+00:00,VZ,buy,62.0,43.14,0.0,0.0,2025-08-10 00:00:00+00:00
2025-08-11 21:25:30.360913+00:00,KO,sell,1.0,70.79,0.0,1.2600000000000051,2025-08-11 00:00:00+00:00
2025-08-11 21:25:35.056721+00:00,CRM,buy,2.0,232.66,0.0,0.0,2025-08-11 00:00:00+00:00
2025-08-12 21:26:54.553763+00:00,AMZN,sell,12.0,221.43,0.0,0.0,2025-08-12 00:00:00+00:00
2025-08-12 21:26:58.474374+00:00,GOOGL,buy,80.0,203.34,0.0,0.0,2025-08-12 00:00:00+00:00
2025-08-12 21:27:02.266119+00:00,GOOG,buy,13.0,204.14,0.0,0.0,2025-08-12 00:00:00+00:00
2025-08-12 21:27:06.051347+00:00,NVDA,buy,13.0,183.17,0.0,0.0,2025-08-12 00:00:00+00:00
2025-08-12 21:27:09.773417+00:00,META,buy,3.0,789.8,0.0,0.0,2025-08-12 00:00:00+00:00
2025-08-12 21:27:13.910121+00:00,CSCO,buy,37.0,71.38,0.0,0.0,2025-08-12 00:00:00+00:00
2025-08-12 21:27:17.842582+00:00,ORCL,sell,53.0,253.77,0.0,130.6750000000006,2025-08-12 00:00:00+00:00
2025-08-12 21:27:21.595097+00:00,CVX,buy,87.0,154.46,0.0,0.0,2025-08-12 00:00:00+00:00
2025-08-12 21:27:25.386021+00:00,COST,sell,2.0,991.32,0.0,32.84500000000014,2025-08-12 00:00:00+00:00
2025-08-12 21:27:29.111061+00:00,PEP,sell,18.0,146.9,0.0,29.87999999999994,2025-08-12 00:00:00+00:00
2025-08-12 21:27:32.981231+00:00,CRM,sell,57.0,231.655,0.0,-2021.3749999999995,2025-08-12 00:00:00+00:00
2025-08-12 21:27:36.871728+00:00,INTC,sell,123.0,21.8,0.0,0.0,2025-08-12 00:00:00+00:00
2025-08-12 21:27:40.670544+00:00,VZ,sell,62.0,43.23,0.0,5.579999999999771,2025-08-12 00:00:00+00:00
2025-08-12 21:27:44.433207+00:00,ABT,buy,20.0,131.04,0.0,0.0,2025-08-12 00:00:00+00:00
2025-08-12 21:27:48.276504+00:00,NFLX,sell,2.0,1225.01,0.0,0.0,2025-08-12 00:00:00+00:00
2025-08-13 21:26:13.373429+00:00,MSFT,sell,4.0,520.67,0.0,-7.519999999999982,2025-08-13 00:00:00+00:00
2025-08-13 21:26:17.013398+00:00,AMZN,buy,12.0,224.53,0.0,0.0,2025-08-13 00:00:00+00:00
2025-08-13 21:26:20.734199+00:00,GOOGL,sell,80.0,201.9,0.0,-115.19999999999982,2025-08-13 00:00:00+00:00
2025-08-13 21:26:24.445999+00:00,GOOG,sell,13.0,203.02,0.0,27.86000000000027,2025-08-13 00:00:00+00:00
2025-08-13 21:26:28.047991+00:00,NVDA,buy,1.0,181.55,0.0,0.0,2025-08-13 00:00:00+00:00
2025-08-13 21:26:31.689672+00:00,META,sell,3.0,779.865,0.0,-29.804999999999836,2025-08-13 00:00:00+00:00
2025-08-13 21:26:35.312984+00:00,JPM,sell,9.0,290.49,0.0,11.520000000000266,2025-08-13 00:00:00+00:00
2025-08-13 21:26:38.988632+00:00,UNH,sell,1.0,271.86,0.0,27.210000000000008,2025-08-13 00:00:00+00:00
2025-08-13 21:26:42.744990+00:00,MRK,buy,32.0,82.7,0.0,0.0,2025-08-13 00:00:00+00:00
2025-08-13 21:26:46.445701+00:00,CSCO,sell,39.0,68.67,0.0,-100.26999999999977,2025-08-13 00:00:00+00:00
2025-08-13 21:26:50.241377+00:00,NKE,sell,36.0,77.2,0.0,101.52000000000027,2025-08-13 00:00:00+00:00
2025-08-13 21:26:54.047642+00:00,CVX,sell,87.0,155.86,0.0,137.73000000000084,2025-08-13 00:00:00+00:00
2025-08-13 21:26:57.902982+00:00,ABBV,buy,13.0,201.435,0.0,0.0,2025-08-13 00:00:00+00:00
2025-08-13 21:27:01.662809+00:00,CRM,buy,56.0,237.05,0.0,0.0,2025-08-13 00:00:00+00:00
2025-08-14 21:26:26.869014+00:00,MSFT,sell,6.0,522.425,0.0,-0.625,2025-08-14 00:00:00+00:00
2025-08-14 21:26:30.598839+00:00,AMZN,buy,11.0,230.89,0.0,0.0,2025-08-14 00:00:00+00:00
2025-08-14 21:26:34.317043+00:00,GOOGL,buy,13.0,202.45,0.0,0.0,2025-08-14 00:00:00+00:00
2025-08-14 21:26:38.167988+00:00,GOOG,buy,13.0,203.32,0.0,0.0,2025-08-14 00:00:00+00:00
2025-08-14 21:26:41.788402+00:00,JPM,buy,9.0,294.1,0.0,0.0,2025-08-14 00:00:00+00:00
2025-08-14 21:26:45.562934+00:00,UNH,sell,9.0,293.67,0.0,0.0,2025-08-14 00:00:00+00:00
2025-08-14 21:26:49.264026+00:00,HD,sell,6.0,400.29,0.0,77.46500000000009,2025-08-14 00:00:00+00:00
2025-08-14 21:26:52.866773+00:00,BAC,sell,56.0,47.69,0.0,0.0,2025-08-14 00:00:00+00:00
2025-08-14 21:26:56.663861+00:00,DIS,sell,24.0,116.32,0.0,82.67999999999984,2025-08-14 00:00:00+00:00
2025-08-14 21:27:00.234831+00:00,CSCO,buy,39.0,69.26,0.0,0.0,2025-08-14 00:00:00+00:00
2025-08-14 21:27:03.824328+00:00,T,sell,93.0,28.75,0.0,62.31000000000016,2025-08-14 00:00:00+00:00
2025-08-14 21:27:07.375633+00:00,MCD,buy,28.0,308.84,0.0,0.0,2025-08-14 00:00:00+00:00
2025-08-14 21:27:11.001104+00:00,WMT,sell,30.0,100.84,0.0,93.60000000000014,2025-08-14 00:00:00+00:00
2025-08-14 21:27:14.638998+00:00,COST,buy,2.0,975.57,0.0,0.0,2025-08-14 00:00:00+00:00
2025-08-14 21:27:18.325853+00:00,ABBV,sell,12.0,204.74,0.0,83.97000000000003,2025-08-14 00:00:00+00:00
2025-08-14 21:27:22.058443+00:00,CRM,buy,1.0,233.335,0.0,0.0,2025-08-14 00:00:00+00:00
2025-08-14 21:27:25.742608+00:00,INTC,buy,12.0,24.38,0.0,0.0,2025-08-14 00:00:00+00:00
2025-08-14 21:27:29.484941+00:00,ABT,buy,20.0,129.32,0.0,0.0,2025-08-14 00:00:00+00:00
2025-08-14 21:27:33.137155+00:00,ADBE,sell,8.0,348.7,0.0,8.0,2025-08-14 00:00:00+00:00
2025-08-14 21:27:36.795424+00:00,CMCSA,sell,84.0,32.88,0.0,102.06000000000029,2025-08-14 00:00:00+00:00
2025-08-14 21:27:40.419234+00:00,NFLX,buy,2.0,1230.58,0.0,0.0,2025-08-14 00:00:00+00:00
2025-08-17 21:25:10.587364+00:00,AAPL,sell,13.0,231.65,0.0,0.0,2025-08-17 00:00:00+00:00
2025-08-17 21:25:14.344468+00:00,MSFT,buy,10.0,520.02,0.0,0.0,2025-08-17 00:00:00+00:00
2025-08-17 21:25:18.065331+00:00,NVDA,buy,14.0,180.42,0.0,0.0,2025-08-17 00:00:00+00:00
2025-08-17 21:25:21.703494+00:00,JPM,sell,9.0,290.53,0.0,29.39999999999992,2025-08-17 00:00:00+00:00
2025-08-17 21:25:25.383751+00:00,V,sell,8.0,344.39,0.0,45.4099999999998,2025-08-17 00:00:00+00:00
2025-08-17 21:25:28.991738+00:00,BAC,buy,56.0,46.94,0.0,0.0,2025-08-17 00:00:00+00:00
2025-08-17 21:25:32.639711+00:00,PFE,buy,109.0,25.16,0.0,0.0,2025-08-17 00:00:00+00:00
2025-08-17 21:25:36.317892+00:00,KO,buy,39.0,69.95,0.0,0.0,2025-08-17 00:00:00+00:00
2025-08-17 21:25:39.998229+00:00,CSCO,buy,40.0,66.21,0.0,0.0,2025-08-17 00:00:00+00:00
2025-08-17 21:25:43.678363+00:00,NKE,sell,35.0,77.01,0.0,99.19000000000013,2025-08-17 00:00:00+00:00
2025-08-17 21:25:47.384382+00:00,T,buy,92.0,28.88,0.0,0.0,2025-08-17 00:00:00+00:00
2025-08-17 21:25:51.045536+00:00,MCD,sell,27.0,308.97,0.0,3.510000000001412,2025-08-17 00:00:00+00:00
2025-08-17 21:25:54.776373+00:00,COST,buy,2.0,972.25,0.0,0.0,2025-08-17 00:00:00+00:00
2025-08-17 21:25:58.520035+00:00,CRM,sell,13.0,242.5,0.0,-157.22,2025-08-17 00:00:00+00:00
2025-08-17 21:26:02.141154+00:00,ADBE,sell,7.0,354.83,0.0,0.0,2025-08-17 00:00:00+00:00
2025-08-17 21:26:05.791528+00:00,CMCSA,sell,80.0,33.47,0.0,0.0,2025-08-17 00:00:00+00:00
2025-08-18 21:24:24.948842+00:00,KO,buy,1.0,69.15,0.0,0.0,2025-08-18 00:00:00+00:00
2025-08-18 21:24:29.354481+00:00,MCD,sell,1.0,308.75,0.0,-0.08999999999997499,2025-08-18 00:00:00+00:00
2025-08-19 21:26:55.575406+00:00,MSFT,buy,2.0,510.06,0.0,0.0,2025-08-19 00:00:00+00:00
2025-08-19 21:26:59.646723+00:00,GOOGL,sell,4.0,201.64,0.0,-3.240000000000009,2025-08-19 00:00:00+00:00
2025-08-19 21:27:03.717337+00:00,NVDA,buy,2.0,175.66,0.0,0.0,2025-08-19 00:00:00+00:00
2025-08-19 21:27:07.687250+00:00,META,buy,3.0,751.685,0.0,0.0,2025-08-19 00:00:00+00:00
2025-08-19 21:27:11.838727+00:00,HD,buy,6.0,407.07,0.0,0.0,2025-08-19 00:00:00+00:00
2025-08-19 21:27:15.931256+00:00,PG,buy,1.0,158.42,0.0,0.0,2025-08-19 00:00:00+00:00
2025-08-19 21:27:20.049828+00:00,BAC,sell,59.0,48.1,0.0,64.9600000000002,2025-08-19 00:00:00+00:00
2025-08-19 21:27:24.127348+00:00,XOM,sell,26.0,107.45,0.0,-56.15999999999991,2025-08-19 00:00:00+00:00
2025-08-19 21:27:28.161861+00:00,KO,buy,7.0,70.15,0.0,0.0,2025-08-19 00:00:00+00:00
2025-08-19 21:27:32.394229+00:00,CSCO,buy,3.0,66.77,0.0,0.0,2025-08-19 00:00:00+00:00
2025-08-19 21:27:36.513243+00:00,NKE,sell,2.0,76.905,0.0,5.469999999999999,2025-08-19 00:00:00+00:00
2025-08-19 21:27:40.842215+00:00,WMT,buy,1.0,101.31,0.0,0.0,2025-08-19 00:00:00+00:00
2025-08-19 21:27:44.929149+00:00,PEP,buy,18.0,152.19,0.0,0.0,2025-08-19 00:00:00+00:00
2025-08-19 21:27:49.224972+00:00,CRM,sell,9.0,245.83,0.0,-34.169999999999874,2025-08-19 00:00:00+00:00
2025-08-19 21:27:53.192247+00:00,ABT,buy,1.0,131.27,0.0,0.0,2025-08-19 00:00:00+00:00
2025-08-19 21:27:57.344356+00:00,CMCSA,sell,4.0,33.9,0.0,0.0,2025-08-19 00:00:00+00:00
2025-08-20 21:25:12.282229+00:00,MSFT,sell,12.0,505.5,0.0,-154.31999999999982,2025-08-20 00:00:00+00:00
2025-08-20 21:25:16.354661+00:00,AMZN,sell,11.0,223.8,0.0,-8.029999999999887,2025-08-20 00:00:00+00:00
2025-08-20 21:25:20.327109+00:00,GOOGL,buy,71.0,199.32,0.0,0.0,2025-08-20 00:00:00+00:00
2025-08-20 21:25:24.405842+00:00,JNJ,sell,80.0,178.83,0.0,104.6000000000003,2025-08-20 00:00:00+00:00
2025-08-20 21:25:28.401916+00:00,BAC,buy,58.0,48.36,0.0,0.0,2025-08-20 00:00:00+00:00
2025-08-20 21:25:32.322003+00:00,PFE,buy,569.0,25.37,0.0,0.0,2025-08-20 00:00:00+00:00
2025-08-20 21:25:36.262790+00:00,KO,sell,41.0,70.68,0.0,47.15000000000023,2025-08-20 00:00:00+00:00
2025-08-20 21:25:40.336603+00:00,NKE,buy,37.0,76.23,0.0,0.0,2025-08-20 00:00:00+00:00
2025-08-20 21:25:44.334792+00:00,CVX,buy,18.0,153.18,0.0,0.0,2025-08-20 00:00:00+00:00
2025-08-20 21:25:48.105786+00:00,MCD,buy,11.0,313.12,0.0,0.0,2025-08-20 00:00:00+00:00
2025-08-20 21:25:52.224830+00:00,PEP,sell,19.0,150.775,0.0,-25.469999999999857,2025-08-20 00:00:00+00:00
2025-08-20 21:25:56.393203+00:00,INTC,sell,12.0,23.47,0.0,-10.920000000000002,2025-08-20 00:00:00+00:00
2025-08-20 21:26:00.472156+00:00,VZ,sell,64.0,45.055,0.0,0.0,2025-08-20 00:00:00+00:00
2025-08-20 21:26:04.438354+00:00,ABT,sell,21.0,132.41,0.0,25.63500000000002,2025-08-20 00:00:00+00:00
2025-08-20 21:26:08.567269+00:00,ADBE,sell,1.0,353.335,0.0,0.0,2025-08-20 00:00:00+00:00
2025-08-20 21:26:12.692038+00:00,NFLX,buy,2.0,1213.66,0.0,0.0,2025-08-20 00:00:00+00:00
2025-08-21 21:24:34.326673+00:00,AAPL,buy,13.0,224.9,0.0,0.0,2025-08-21 00:00:00+00:00
2025-08-21 21:24:38.584989+00:00,GOOG,buy,15.0,200.6,0.0,0.0,2025-08-21 00:00:00+00:00
2025-08-21 21:24:42.582019+00:00,NVDA,buy,1.0,174.96,0.0,0.0,2025-08-21 00:00:00+00:00
2025-08-21 21:24:46.495200+00:00,META,buy,1.0,739.13,0.0,0.0,2025-08-21 00:00:00+00:00
2025-08-21 21:24:50.693361+00:00,JNJ,sell,22.0,179.03,0.0,0.0,2025-08-21 00:00:00+00:00
2025-08-21 21:24:54.633563+00:00,UNH,sell,1.0,303.22,0.0,0.0,2025-08-21 00:00:00+00:00
2025-08-21 21:24:58.650359+00:00,HD,buy,7.0,397.84,0.0,0.0,2025-08-21 00:00:00+00:00
2025-08-21 21:25:02.772284+00:00,PG,sell,16.0,158.73,0.0,93.18999999999977,2025-08-21 00:00:00+00:00
2025-08-21 21:25:06.905078+00:00,MA,sell,5.0,591.9,0.0,0.0,2025-08-21 00:00:00+00:00
2025-08-21 21:25:11.047835+00:00,PFE,buy,26.0,25.715,0.0,0.0,2025-08-21 00:00:00+00:00
2025-08-21 21:25:15.123103+00:00,KO,buy,5.0,70.63,0.0,0.0,2025-08-21 00:00:00+00:00
2025-08-21 21:25:19.335203+00:00,MRK,sell,32.0,86.13,0.0,109.75999999999976,2025-08-21 00:00:00+00:00
2025-08-21 21:25:23.429754+00:00,CSCO,buy,2.0,67.02,0.0,0.0,2025-08-21 00:00:00+00:00
2025-08-21 21:25:27.653766+00:00,T,sell,102.0,29.45,0.0,59.290000000000035,2025-08-21 00:00:00+00:00
2025-08-21 21:25:31.586396+00:00,CVX,buy,1.0,155.47,0.0,0.0,2025-08-21 00:00:00+00:00
2025-08-21 21:25:35.413550+00:00,WMT,sell,28.0,97.96,0.0,-92.39000000000014,2025-08-21 00:00:00+00:00
2025-08-21 21:25:39.501643+00:00,COST,sell,2.0,969.73,0.0,-17.254999999999995,2025-08-21 00:00:00+00:00
2025-08-21 21:25:43.381338+00:00,PEP,buy,19.0,148.99,0.0,0.0,2025-08-21 00:00:00+00:00
2025-08-21 21:25:47.441490+00:00,INTC,sell,7.0,23.5,0.0,0.0,2025-08-21 00:00:00+00:00
2025-08-21 21:25:51.365380+00:00,VZ,sell,4.0,45.03,0.0,0.0,2025-08-21 00:00:00+00:00
2025-08-21 21:25:55.253236+00:00,ADBE,buy,8.0,353.28,0.0,0.0,2025-08-21 00:00:00+00:00
2025-08-21 21:25:59.141964+00:00,CMCSA,buy,84.0,33.6,0.0,0.0,2025-08-21 00:00:00+00:00
2025-08-21 21:26:02.981660+00:00,NFLX,sell,2.0,1205.84,0.0,-49.48000000000002,2025-08-21 00:00:00+00:00
2025-08-24 21:23:27.489756+00:00,AAPL,buy,4.0,227.74,0.0,0.0,2025-08-24 00:00:00+00:00
2025-08-24 21:23:31.691865+00:00,MSFT,buy,19.0,507.29,0.0,0.0,2025-08-24 00:00:00+00:00
2025-08-24 21:23:35.826899+00:00,AMZN,buy,17.0,228.85,0.0,0.0,2025-08-24 00:00:00+00:00
2025-08-24 21:23:39.817382+00:00,GOOG,sell,15.0,206.73,0.0,48.68999999999997,2025-08-24 00:00:00+00:00
2025-08-24 21:23:43.763999+00:00,NVDA,buy,5.0,177.98,0.0,0.0,2025-08-24 00:00:00+00:00
2025-08-24 21:23:47.877578+00:00,META,buy,1.0,754.96,0.0,0.0,2025-08-24 00:00:00+00:00
2025-08-24 21:23:51.963085+00:00,TSLA,sell,3.0,340.0,0.0,0.0,2025-08-24 00:00:00+00:00
2025-08-24 21:23:55.955669+00:00,JNJ,buy,102.0,179.26,0.0,0.0,2025-08-24 00:00:00+00:00
2025-08-24 21:23:59.907999+00:00,UNH,buy,10.0,307.34,0.0,0.0,2025-08-24 00:00:00+00:00
2025-08-24 21:24:03.980604+00:00,PG,buy,7.0,158.66,0.0,0.0,2025-08-24 00:00:00+00:00
2025-08-24 21:24:07.919179+00:00,MA,sell,1.0,598.87,0.0,0.0,2025-08-24 00:00:00+00:00
2025-08-24 21:24:12.058869+00:00,BAC,sell,81.0,49.49,0.0,65.54000000000015,2025-08-24 00:00:00+00:00
2025-08-24 21:24:16.036322+00:00,DIS,sell,34.0,118.84,0.0,0.0,2025-08-24 00:00:00+00:00
2025-08-24 21:24:19.989206+00:00,XOM,sell,36.0,111.3,0.0,129.42999999999978,2025-08-24 00:00:00+00:00
2025-08-24 21:24:23.977909+00:00,KO,buy,32.0,70.14,0.0,0.0,2025-08-24 00:00:00+00:00
2025-08-24 21:24:27.865953+00:00,MRK,sell,46.0,87.37,0.0,0.0,2025-08-24 00:00:00+00:00
2025-08-24 21:24:32.042981+00:00,CSCO,sell,45.0,67.32,0.0,-69.00000000000047,2025-08-24 00:00:00+00:00
2025-08-24 21:24:36.086144+00:00,T,buy,103.0,28.75,0.0,0.0,2025-08-24 00:00:00+00:00
2025-08-24 21:24:40.073430+00:00,CVX,sell,19.0,158.16,0.0,71.57999999999979,2025-08-24 00:00:00+00:00
2025-08-24 21:24:44.069058+00:00,MCD,sell,11.0,314.03,0.0,10.00999999999965,2025-08-24 00:00:00+00:00
2025-08-24 21:24:48.043173+00:00,WMT,buy,41.0,96.85,0.0,0.0,2025-08-24 00:00:00+00:00
2025-08-24 21:24:52.015582+00:00,COST,buy,4.0,958.39,0.0,0.0,2025-08-24 00:00:00+00:00
2025-08-24 21:24:55.940400+00:00,PEP,buy,27.0,149.65,0.0,0.0,2025-08-24 00:00:00+00:00
2025-08-24 21:24:59.904063+00:00,ABBV,sell,1.0,210.61,0.0,12.590000000000003,2025-08-24 00:00:00+00:00
2025-08-24 21:25:03.925465+00:00,INTC,buy,130.0,24.94,0.0,0.0,2025-08-24 00:00:00+00:00
2025-08-24 21:25:07.856128+00:00,VZ,buy,68.0,44.43,0.0,0.0,2025-08-24 00:00:00+00:00
2025-08-24 21:25:11.824987+00:00,NFLX,buy,3.0,1204.815,0.0,0.0,2025-08-24 00:00:00+00:00
2025-08-25 21:25:09.544895+00:00,KO,buy,1.0,68.92,0.0,0.0,2025-08-25 00:00:00+00:00
2025-08-25 21:25:14.283061+00:00,MRK,sell,1.0,85.34,0.0,0.0,2025-08-25 00:00:00+00:00
2025-08-26 21:23:28.133051+00:00,MSFT,sell,1.0,502.05,0.0,-5.240000000000009,2025-08-26 00:00:00+00:00
2025-08-26 21:23:32.070156+00:00,GOOGL,sell,17.0,207.17,0.0,105.27999999999994,2025-08-26 00:00:00+00:00
2025-08-26 21:23:35.953447+00:00,GOOG,sell,17.0,207.96,0.0,115.04000000000022,2025-08-26 00:00:00+00:00
2025-08-26 21:23:39.786548+00:00,NVDA,sell,1.0,181.7,0.0,0.8499999999999943,2025-08-26 00:00:00+00:00
2025-08-26 21:23:43.586960+00:00,V,sell,10.0,351.22,0.0,0.0,2025-08-26 00:00:00+00:00
2025-08-26 21:23:47.384656+00:00,UNH,buy,12.0,300.49,0.0,0.0,2025-08-26 00:00:00+00:00
2025-08-26 21:23:51.259847+00:00,PG,buy,21.0,156.02,0.0,0.0,2025-08-26 00:00:00+00:00
2025-08-26 21:23:54.981501+00:00,MA,buy,6.0,591.62,0.0,0.0,2025-08-26 00:00:00+00:00
2025-08-26 21:23:58.751756+00:00,BAC,buy,8.0,50.23,0.0,0.0,2025-08-26 00:00:00+00:00
2025-08-26 21:24:02.726441+00:00,DIS,buy,34.0,117.65,0.0,0.0,2025-08-26 00:00:00+00:00
2025-08-26 21:24:06.504338+00:00,XOM,buy,2.0,111.51,0.0,0.0,2025-08-26 00:00:00+00:00
2025-08-26 21:24:10.260394+00:00,PFE,sell,595.0,24.93,0.0,-235.52000000000066,2025-08-26 00:00:00+00:00
2025-08-26 21:24:14.102590+00:00,KO,sell,8.0,68.73,0.0,-6.399999999999977,2025-08-26 00:00:00+00:00
2025-08-26 21:24:17.867464+00:00,MRK,buy,47.0,85.0,0.0,0.0,2025-08-26 00:00:00+00:00
2025-08-26 21:24:21.571606+00:00,NKE,sell,47.0,78.675,0.0,90.46499999999975,2025-08-26 00:00:00+00:00
2025-08-26 21:24:25.358461+00:00,CVX,sell,23.0,157.36,0.0,72.95000000000013,2025-08-26 00:00:00+00:00
2025-08-26 21:24:29.072289+00:00,WMT,sell,2.0,96.02,0.0,-1.6599999999999966,2025-08-26 00:00:00+00:00
2025-08-26 21:24:32.681705+00:00,PEP,sell,27.0,147.01,0.0,-58.740000000000464,2025-08-26 00:00:00+00:00
2025-08-26 21:24:36.431542+00:00,CRM,sell,47.0,243.73,0.0,92.8899999999995,2025-08-26 00:00:00+00:00
2025-08-26 21:24:40.195472+00:00,INTC,sell,152.0,24.31,0.0,-81.90000000000033,2025-08-26 00:00:00+00:00
2025-08-27 21:24:06.325223+00:00,AAPL,sell,17.0,231.28,0.0,97.09999999999991,2025-08-27 00:00:00+00:00
2025-08-27 21:24:11.235154+00:00,MSFT,sell,6.0,506.69,0.0,-3.6000000000001364,2025-08-27 00:00:00+00:00
2025-08-27 21:24:15.713459+00:00,AMZN,sell,17.0,228.66,0.0,-21.34999999999988,2025-08-27 00:00:00+00:00
2025-08-27 21:24:20.322218+00:00,GOOGL,sell,61.0,207.07,0.0,472.75,2025-08-27 00:00:00+00:00
2025-08-27 21:24:24.942036+00:00,GOOG,buy,4.0,208.15,0.0,0.0,2025-08-27 00:00:00+00:00
2025-08-27 21:24:29.784258+00:00,META,sell,5.0,747.3,0.0,-12.645000000000095,2025-08-27 00:00:00+00:00
2025-08-27 21:24:34.285978+00:00,TSLA,buy,3.0,347.32,0.0,0.0,2025-08-27 00:00:00+00:00
2025-08-27 21:24:39.007195+00:00,JPM,sell,9.0,299.36,0.0,54.41999999999996,2025-08-27 00:00:00+00:00
2025-08-27 21:24:43.665247+00:00,V,buy,2.0,350.34,0.0,0.0,2025-08-27 00:00:00+00:00
2025-08-27 21:24:48.274172+00:00,UNH,sell,12.0,303.85,0.0,-28.179999999999495,2025-08-27 00:00:00+00:00
2025-08-27 21:24:52.871174+00:00,HD,sell,7.0,408.32,0.0,47.289999999999964,2025-08-27 00:00:00+00:00
2025-08-27 21:24:57.559018+00:00,PG,buy,3.0,156.95,0.0,0.0,2025-08-27 00:00:00+00:00
2025-08-27 21:25:02.065095+00:00,BAC,buy,20.0,50.38,0.0,0.0,2025-08-27 00:00:00+00:00
2025-08-27 21:25:06.940046+00:00,XOM,buy,10.0,112.72,0.0,0.0,2025-08-27 00:00:00+00:00
2025-08-27 21:25:11.673459+00:00,PFE,buy,108.0,24.95,0.0,0.0,2025-08-27 00:00:00+00:00
2025-08-27 21:25:16.325151+00:00,KO,buy,5.0,68.79,0.0,0.0,2025-08-27 00:00:00+00:00
2025-08-27 21:25:20.937064+00:00,CSCO,sell,39.0,68.42,0.0,82.8900000000003,2025-08-27 00:00:00+00:00
2025-08-27 21:25:25.389189+00:00,NKE,buy,47.0,78.08,0.0,0.0,2025-08-27 00:00:00+00:00
2025-08-27 21:25:29.996621+00:00,ORCL,buy,53.0,235.85,0.0,0.0,2025-08-27 00:00:00+00:00
2025-08-27 21:25:34.642454+00:00,CVX,buy,6.0,159.21,0.0,0.0,2025-08-27 00:00:00+00:00
2025-08-27 21:25:39.288185+00:00,WMT,sell,10.0,96.07,0.0,-7.800000000000011,2025-08-27 00:00:00+00:00
2025-08-27 21:25:43.794776+00:00,COST,sell,1.0,949.565,0.0,-26.004999999999995,2025-08-27 00:00:00+00:00
2025-08-27 21:25:48.419080+00:00,PEP,buy,18.0,147.63,0.0,0.0,2025-08-27 00:00:00+00:00
2025-08-27 21:25:53.110205+00:00,CRM,buy,53.0,250.05,0.0,0.0,2025-08-27 00:00:00+00:00
2025-08-27 21:25:57.900668+00:00,VZ,buy,60.0,44.27,0.0,0.0,2025-08-27 00:00:00+00:00
2025-08-27 21:26:02.575086+00:00,ADBE,buy,7.0,356.38,0.0,0.0,2025-08-27 00:00:00+00:00
2025-08-27 21:26:07.399328+00:00,NFLX,sell,3.0,1224.29,0.0,40.73499999999967,2025-08-27 00:00:00+00:00
2025-08-28 21:23:47.729471+00:00,MSFT,sell,6.0,509.6,0.0,13.860000000000014,2025-08-28 00:00:00+00:00
2025-08-28 21:23:52.501404+00:00,AMZN,sell,11.0,231.55,0.0,29.700000000000188,2025-08-28 00:00:00+00:00
2025-08-28 21:23:57.212370+00:00,GOOGL,buy,1.0,211.66,0.0,0.0,2025-08-28 00:00:00+00:00
2025-08-28 21:24:02.189697+00:00,JNJ,buy,15.0,175.43,0.0,0.0,2025-08-28 00:00:00+00:00
2025-08-28 21:24:06.727259+00:00,V,buy,8.0,349.78,0.0,0.0,2025-08-28 00:00:00+00:00
2025-08-28 21:24:11.472137+00:00,CSCO,buy,39.0,69.43,0.0,0.0,2025-08-28 00:00:00+00:00
2025-08-28 21:24:16.162979+00:00,T,buy,92.0,28.96,0.0,0.0,2025-08-28 00:00:00+00:00
2025-08-28 21:24:20.918092+00:00,WMT,sell,1.0,96.13,0.0,-0.7199999999999989,2025-08-28 00:00:00+00:00
2025-08-28 21:24:25.759385+00:00,INTC,buy,44.0,24.89,0.0,0.0,2025-08-28 00:00:00+00:00
2025-08-28 21:24:30.357092+00:00,ABT,buy,20.0,131.39,0.0,0.0,2025-08-28 00:00:00+00:00
2025-08-28 21:24:34.991429+00:00,ADBE,sell,7.0,353.89,0.0,4.2700000000000955,2025-08-28 00:00:00+00:00
2025-08-31 21:22:23.045190+00:00,AAPL,sell,15.0,232.27,0.0,0.0,2025-08-31 00:00:00+00:00
2025-08-31 21:22:27.794503+00:00,MSFT,buy,4.0,506.74,0.0,0.0,2025-08-31 00:00:00+00:00
2025-08-31 21:22:32.476571+00:00,AMZN,buy,11.0,229.02,0.0,0.0,2025-08-31 00:00:00+00:00
2025-08-31 21:22:37.010348+00:00,GOOGL,buy,59.0,213.02,0.0,0.0,2025-08-31 00:00:00+00:00
2025-08-31 21:22:41.741766+00:00,GOOG,sell,4.0,213.66,0.0,22.039999999999964,2025-08-31 00:00:00+00:00
2025-08-31 21:22:46.230034+00:00,META,buy,5.0,738.21,0.0,0.0,2025-08-31 00:00:00+00:00
2025-08-31 21:22:51.099801+00:00,JPM,sell,3.0,301.48,0.0,7.3799999999999955,2025-08-31 00:00:00+00:00
2025-08-31 21:22:55.809328+00:00,JNJ,sell,15.0,177.16,0.0,-31.499999999999915,2025-08-31 00:00:00+00:00
2025-08-31 21:23:00.495589+00:00,PG,sell,2.0,157.11,0.0,7.340000000000032,2025-08-31 00:00:00+00:00
2025-08-31 21:23:05.159606+00:00,BAC,sell,18.0,50.765,0.0,8.13000000000001,2025-08-31 00:00:00+00:00
2025-08-31 21:23:09.704324+00:00,XOM,sell,8.0,114.31,0.0,15.140000000000015,2025-08-31 00:00:00+00:00
2025-08-31 21:23:14.257192+00:00,PFE,buy,41.0,24.76,0.0,0.0,2025-08-31 00:00:00+00:00
2025-08-31 21:23:18.914670+00:00,KO,buy,46.0,69.02,0.0,0.0,2025-08-31 00:00:00+00:00
2025-08-31 21:23:23.568200+00:00,MRK,buy,43.0,84.12,0.0,0.0,2025-08-31 00:00:00+00:00
2025-08-31 21:23:28.180199+00:00,CSCO,sell,53.0,69.13,0.0,-11.700000000000443,2025-08-31 00:00:00+00:00
2025-08-31 21:23:32.798813+00:00,ORCL,buy,16.0,226.16,0.0,0.0,2025-08-31 00:00:00+00:00
2025-08-31 21:23:37.960760+00:00,CVX,sell,5.0,160.67,0.0,7.299999999999898,2025-08-31 00:00:00+00:00
2025-08-31 21:23:42.596466+00:00,WMT,sell,28.0,97.01,0.0,4.480000000000302,2025-08-31 00:00:00+00:00
2025-08-31 21:23:47.208257+00:00,PEP,sell,18.0,148.69,0.0,-17.280000000000143,2025-08-31 00:00:00+00:00
2025-08-31 21:23:52.121621+00:00,VZ,sell,60.0,44.25,0.0,-10.799999999999983,2025-08-31 00:00:00+00:00
2025-08-31 21:23:56.692893+00:00,ABT,sell,20.0,132.68,0.0,60.32000000000028,2025-08-31 00:00:00+00:00
2025-08-31 21:24:01.224712+00:00,ADBE,buy,10.0,356.57,0.0,0.0,2025-08-31 00:00:00+00:00
2025-09-01 21:22:37.850800+00:00,AAPL,sell,15.0,232.27,0.0,0.0,2025-09-01 00:00:00+00:00
2025-09-01 21:22:42.638492+00:00,MSFT,buy,4.0,506.74,0.0,0.0,2025-09-01 00:00:00+00:00
2025-09-01 21:22:47.641788+00:00,GOOG,sell,4.0,213.66,0.0,0.0,2025-09-01 00:00:00+00:00
2025-09-01 21:22:52.293890+00:00,META,buy,5.0,738.21,0.0,0.0,2025-09-01 00:00:00+00:00
2025-09-01 21:22:57.044752+00:00,JPM,sell,3.0,301.48,0.0,0.0,2025-09-01 00:00:00+00:00
2025-09-01 21:23:01.983827+00:00,PG,sell,2.0,157.11,0.0,7.340000000000032,2025-09-01 00:00:00+00:00
2025-09-01 21:23:06.679607+00:00,BAC,sell,18.0,50.765,0.0,3.84999999999998,2025-09-01 00:00:00+00:00
2025-09-01 21:23:11.461106+00:00,XOM,sell,8.0,114.31,0.0,6.360000000000014,2025-09-01 00:00:00+00:00
2025-09-01 21:23:16.223478+00:00,PFE,buy,41.0,24.76,0.0,0.0,2025-09-01 00:00:00+00:00
2025-09-01 21:23:20.955018+00:00,KO,buy,46.0,69.02,0.0,0.0,2025-09-01 00:00:00+00:00
2025-09-01 21:23:25.552364+00:00,MRK,buy,43.0,84.12,0.0,0.0,2025-09-01 00:00:00+00:00
2025-09-01 21:23:30.146435+00:00,CSCO,sell,53.0,69.13,0.0,0.0,2025-09-01 00:00:00+00:00
2025-09-01 21:23:34.807872+00:00,ORCL,buy,16.0,226.16,0.0,0.0,2025-09-01 00:00:00+00:00
2025-09-01 21:23:39.607311+00:00,CVX,sell,5.0,160.67,0.0,1.4599999999999795,2025-09-01 00:00:00+00:00
2025-09-01 21:23:45.013941+00:00,ADBE,buy,10.0,356.57,0.0,0.0,2025-09-01 00:00:00+00:00
2025-09-02 21:22:18.633066+00:00,AAPL,buy,14.0,236.78,0.0,0.0,2025-09-02 00:00:00+00:00
2025-09-02 21:22:23.019496+00:00,MSFT,sell,3.0,504.65,0.0,-7.92000000000013,2025-09-02 00:00:00+00:00
2025-09-02 21:22:27.561102+00:00,GOOGL,buy,1.0,221.59,0.0,0.0,2025-09-02 00:00:00+00:00
2025-09-02 21:22:31.806245+00:00,GOOG,buy,3.0,212.0,0.0,0.0,2025-09-02 00:00:00+00:00
2025-09-02 21:22:36.244488+00:00,META,sell,4.0,735.41,0.0,-11.200000000000273,2025-09-02 00:00:00+00:00
2025-09-02 21:22:40.776074+00:00,JPM,buy,2.0,299.64,0.0,0.0,2025-09-02 00:00:00+00:00
2025-09-02 21:22:45.235005+00:00,BAC,buy,16.0,50.41,0.0,0.0,2025-09-02 00:00:00+00:00
2025-09-02 21:22:49.664143+00:00,XOM,buy,7.0,114.68,0.0,0.0,2025-09-02 00:00:00+00:00
2025-09-02 21:22:54.111565+00:00,PFE,sell,42.0,24.98,0.0,-16.380000000000024,2025-09-02 00:00:00+00:00
2025-09-02 21:22:58.527930+00:00,KO,sell,46.0,69.05,0.0,-29.100000000000193,2025-09-02 00:00:00+00:00
2025-09-02 21:23:02.789011+00:00,MRK,sell,42.0,85.47,0.0,19.739999999999952,2025-09-02 00:00:00+00:00
2025-09-02 21:23:07.188480+00:00,CSCO,buy,51.0,67.8,0.0,0.0,2025-09-02 00:00:00+00:00
2025-09-02 21:23:11.497458+00:00,ORCL,sell,15.0,225.32,0.0,-371.70000000000005,2025-09-02 00:00:00+00:00
2025-09-02 21:23:15.960552+00:00,CVX,buy,4.0,161.79,0.0,0.0,2025-09-02 00:00:00+00:00
2025-09-02 21:23:20.714606+00:00,ADBE,sell,9.0,345.465,0.0,-95.32500000000016,2025-09-02 00:00:00+00:00
2025-09-03 21:22:50.186736+00:00,AAPL,buy,16.0,238.485,0.0,0.0,2025-09-03 00:00:00+00:00
2025-09-03 21:22:54.095911+00:00,MSFT,sell,17.0,505.31,0.0,-17.38000000000011,2025-09-03 00:00:00+00:00
2025-09-03 21:22:57.912805+00:00,AMZN,buy,11.0,225.97,0.0,0.0,2025-09-03 00:00:00+00:00
2025-09-03 21:23:01.790464+00:00,GOOGL,buy,5.0,230.645,0.0,0.0,2025-09-03 00:00:00+00:00
2025-09-03 21:23:05.631309+00:00,GOOG,buy,6.0,231.105,0.0,0.0,2025-09-03 00:00:00+00:00
2025-09-03 21:23:09.560372+00:00,NVDA,sell,5.0,170.6,0.0,-55.889999999999986,2025-09-03 00:00:00+00:00
2025-09-03 21:23:13.382681+00:00,META,sell,2.0,736.96,0.0,-2.5,2025-09-03 00:00:00+00:00
2025-09-03 21:23:17.429111+00:00,JPM,buy,4.0,299.46,0.0,0.0,2025-09-03 00:00:00+00:00
2025-09-03 21:23:21.378645+00:00,JNJ,sell,74.0,177.92,0.0,-99.16000000000025,2025-09-03 00:00:00+00:00
2025-09-03 21:23:25.194108+00:00,PG,sell,13.0,158.15,0.0,61.2300000000001,2025-09-03 00:00:00+00:00
2025-09-03 21:23:28.978278+00:00,BAC,buy,20.0,50.09,0.0,0.0,2025-09-03 00:00:00+00:00
2025-09-03 21:23:32.775950+00:00,XOM,buy,9.0,111.95,0.0,0.0,2025-09-03 00:00:00+00:00
2025-09-03 21:23:36.720297+00:00,PFE,buy,496.0,24.79,0.0,0.0,2025-09-03 00:00:00+00:00
2025-09-03 21:23:40.643424+00:00,KO,sell,86.0,69.01,0.0,-78.50999999999969,2025-09-03 00:00:00+00:00
2025-09-03 21:23:44.840588+00:00,MRK,sell,44.0,84.18,0.0,-1.7599999999998772,2025-09-03 00:00:00+00:00
2025-09-03 21:23:48.978337+00:00,CSCO,buy,55.0,67.72,0.0,0.0,2025-09-03 00:00:00+00:00
2025-09-03 21:23:52.933560+00:00,NKE,buy,35.0,74.73,0.0,0.0,2025-09-03 00:00:00+00:00
2025-09-03 21:23:56.820389+00:00,ORCL,sell,5.0,223.45,0.0,-133.25000000000003,2025-09-03 00:00:00+00:00
2025-09-03 21:24:00.824441+00:00,T,sell,92.0,29.04,0.0,26.67999999999992,2025-09-03 00:00:00+00:00
2025-09-03 21:24:04.594289+00:00,CVX,buy,6.0,157.97,0.0,0.0,2025-09-03 00:00:00+00:00
2025-09-03 21:24:08.389086+00:00,WMT,sell,26.0,99.43,0.0,0.0,2025-09-03 00:00:00+00:00
2025-09-03 21:24:12.098141+00:00,COST,buy,3.0,949.465,0.0,0.0,2025-09-03 00:00:00+00:00
2025-09-03 21:24:15.930112+00:00,PEP,sell,17.0,148.66,0.0,15.490000000000009,2025-09-03 00:00:00+00:00
2025-09-03 21:24:19.655364+00:00,ABBV,sell,12.0,211.85,0.0,135.22499999999988,2025-09-03 00:00:00+00:00
2025-09-03 21:24:23.576495+00:00,VZ,buy,60.0,43.73,0.0,0.0,2025-09-03 00:00:00+00:00
2025-09-03 21:24:27.287383+00:00,ADBE,sell,3.0,348.5,0.0,-24.20999999999998,2025-09-03 00:00:00+00:00
2025-09-04 21:23:00.596351+00:00,AAPL,sell,12.0,239.71,0.0,35.16000000000008,2025-09-04 00:00:00+00:00
2025-09-04 21:23:04.395478+00:00,AMZN,buy,1.0,235.67,0.0,0.0,2025-09-04 00:00:00+00:00
2025-09-04 21:23:08.082784+00:00,GOOGL,sell,65.0,232.255,0.0,1235.214999999999,2025-09-04 00:00:00+00:00
2025-09-04 21:23:11.760115+00:00,NVDA,buy,1.0,171.6,0.0,0.0,2025-09-04 00:00:00+00:00
2025-09-04 21:23:15.524249+00:00,JPM,buy,9.0,303.86,0.0,0.0,2025-09-04 00:00:00+00:00
2025-09-04 21:23:19.199692+00:00,JNJ,buy,74.0,178.7,0.0,0.0,2025-09-04 00:00:00+00:00
2025-09-04 21:23:22.865296+00:00,UNH,sell,9.0,310.18,0.0,87.20999999999998,2025-09-04 00:00:00+00:00
2025-09-04 21:23:26.483234+00:00,PG,sell,15.0,159.21,0.0,42.45000000000016,2025-09-04 00:00:00+00:00
2025-09-04 21:23:30.126813+00:00,BAC,buy,54.0,50.65,0.0,0.0,2025-09-04 00:00:00+00:00
2025-09-04 21:23:33.842071+00:00,XOM,buy,24.0,112.415,0.0,0.0,2025-09-04 00:00:00+00:00
2025-09-04 21:23:37.451339+00:00,PFE,sell,644.0,24.49,0.0,-257.59000000000077,2025-09-04 00:00:00+00:00
2025-09-04 21:23:41.038407+00:00,KO,buy,11.0,68.255,0.0,0.0,2025-09-04 00:00:00+00:00
2025-09-04 21:23:44.806773+00:00,MRK,buy,35.0,84.03,0.0,0.0,2025-09-04 00:00:00+00:00
2025-09-04 21:23:48.303524+00:00,CSCO,buy,43.0,67.96,0.0,0.0,2025-09-04 00:00:00+00:00
2025-09-04 21:23:51.974382+00:00,NKE,buy,4.0,75.375,0.0,0.0,2025-09-04 00:00:00+00:00
2025-09-04 21:23:55.657974+00:00,ORCL,buy,1.0,222.97,0.0,0.0,2025-09-04 00:00:00+00:00
2025-09-04 21:23:59.327292+00:00,T,sell,100.0,29.59,0.0,65.3099999999999,2025-09-04 00:00:00+00:00
2025-09-04 21:24:03.057580+00:00,CVX,buy,17.0,157.715,0.0,0.0,2025-09-04 00:00:00+00:00
2025-09-04 21:24:06.942430+00:00,WMT,sell,3.0,100.91,0.0,0.0,2025-09-04 00:00:00+00:00
2025-09-04 21:24:10.659671+00:00,PEP,sell,3.0,146.84,0.0,-1.579999999999984,2025-09-04 00:00:00+00:00
2025-09-04 21:24:14.258294+00:00,ABBV,sell,2.0,213.03,0.0,23.189999999999998,2025-09-04 00:00:00+00:00
2025-09-04 21:24:17.778144+00:00,CRM,sell,4.0,244.07,0.0,14.519999999999982,2025-09-04 00:00:00+00:00
2025-09-04 21:24:21.411553+00:00,VZ,sell,60.0,44.16,0.0,-7.880000000000365,2025-09-04 00:00:00+00:00
2025-09-07 21:20:52.213132+00:00,MSFT,buy,5.0,494.96,0.0,0.0,2025-09-07 00:00:00+00:00
2025-09-07 21:20:56.033658+00:00,AMZN,sell,12.0,232.365,0.0,40.31,2025-09-07 00:00:00+00:00
2025-09-07 21:20:59.643192+00:00,GOOGL,buy,5.0,235.05,0.0,0.0,2025-09-07 00:00:00+00:00
2025-09-07 21:21:03.330293+00:00,META,sell,4.0,751.37,0.0,52.63999999999987,2025-09-07 00:00:00+00:00
2025-09-07 21:21:07.162989+00:00,TSLA,buy,8.0,350.82,0.0,0.0,2025-09-07 00:00:00+00:00
2025-09-07 21:21:11.002415+00:00,JPM,buy,9.0,294.36,0.0,0.0,2025-09-07 00:00:00+00:00
2025-09-07 21:21:14.745240+00:00,V,buy,8.0,343.0,0.0,0.0,2025-09-07 00:00:00+00:00
2025-09-07 21:21:18.426659+00:00,HD,sell,6.0,418.98,0.0,117.61000000000024,2025-09-07 00:00:00+00:00
2025-09-07 21:21:22.145236+00:00,PG,sell,1.0,160.05,0.0,4.030000000000001,2025-09-07 00:00:00+00:00
2025-09-07 21:21:25.871975+00:00,XOM,buy,25.0,109.25,0.0,0.0,2025-09-07 00:00:00+00:00
2025-09-07 21:21:29.668079+00:00,KO,sell,5.0,67.98,0.0,-5.19999999999996,2025-09-07 00:00:00+00:00
2025-09-07 21:21:33.294210+00:00,MRK,sell,35.0,84.705,0.0,20.47499999999978,2025-09-07 00:00:00+00:00
2025-09-07 21:21:37.011806+00:00,T,buy,5.0,29.605,0.0,0.0,2025-09-07 00:00:00+00:00
2025-09-07 21:21:40.740009+00:00,CVX,buy,18.0,153.66,0.0,0.0,2025-09-07 00:00:00+00:00
2025-09-07 21:21:44.763078+00:00,MCD,buy,19.0,314.37,0.0,0.0,2025-09-07 00:00:00+00:00
2025-09-07 21:21:48.516879+00:00,WMT,buy,1.0,100.52,0.0,0.0,2025-09-07 00:00:00+00:00
2025-09-07 21:21:52.245924+00:00,PEP,buy,20.0,146.375,0.0,0.0,2025-09-07 00:00:00+00:00
2025-09-07 21:21:56.009664+00:00,CRM,buy,7.0,250.73,0.0,0.0,2025-09-07 00:00:00+00:00
2025-09-07 21:21:59.688664+00:00,ADBE,sell,8.0,348.96,0.0,-60.88000000000011,2025-09-07 00:00:00+00:00
