Date,Open,High,Low,Close,Volume
2023-07-31 00:00:00-04:00,457.4100036621094,458.1600036621094,456.04998779296875,457.7900085449219,62040400
2023-08-01 00:00:00-04:00,456.2699890136719,457.25,455.489990234375,456.4800109863281,55291500
2023-08-02 00:00:00-04:00,453.25,453.5199890136719,449.3500061035156,450.1300048828125,93933400
2023-08-03 00:00:00-04:00,448.0400085449219,450.7900085449219,447.3699951171875,448.8399963378906,64276100
2023-08-04 00:00:00-04:00,450.7200012207031,452.8999938964844,446.2699890136719,446.80999755859375,100128900
2023-08-07 00:00:00-04:00,448.7099914550781,450.8699951171875,447.989990234375,450.7099914550781,58357500
2023-08-08 00:00:00-04:00,448.0799865722656,450.70001220703125,445.2699890136719,448.75,71361300
2023-08-09 00:00:00-04:00,449.0299987792969,449.20001220703125,444.9599914550781,445.75,78789600
2023-08-10 00:00:00-04:00,448.19000244140625,451.70001220703125,444.70001220703125,445.9100036621094,93005500
2023-08-11 00:00:00-04:00,443.9700012207031,446.70001220703125,443.3500061035156,445.6499938964844,68690900
2023-08-14 00:00:00-04:00,444.70001220703125,448.1099853515625,444.3800048828125,448.1099853515625,47867400
2023-08-15 00:00:00-04:00,446.2699890136719,446.6400146484375,442.29998779296875,442.8900146484375,75707500
2023-08-16 00:00:00-04:00,442.4599914550781,444.17999267578125,439.5299987792969,439.6400146484375,80107200
2023-08-17 00:00:00-04:00,441.1600036621094,441.42999267578125,435.75,436.2900085449219,95711300
2023-08-18 00:00:00-04:00,433.3699951171875,437.57000732421875,433.010009765625,436.5,98852000
2023-08-21 00:00:00-04:00,437.54998779296875,440.1099853515625,435.32000732421875,439.3399963378906,68719000
2023-08-22 00:00:00-04:00,441.17999267578125,441.17999267578125,437.57000732421875,438.1499938964844,64994200
2023-08-23 00:00:00-04:00,439.25,443.6700134277344,439.1000061035156,443.0299987792969,68441000
2023-08-24 00:00:00-04:00,444.69000244140625,445.2200012207031,436.8599853515625,436.8900146484375,88517300
2023-08-25 00:00:00-04:00,438.67999267578125,441.29998779296875,435.0,439.9700012207031,102325100
2023-08-28 00:00:00-04:00,442.239990234375,443.3999938964844,439.9700012207031,442.760009765625,61595400
2023-08-29 00:00:00-04:00,442.6499938964844,449.45001220703125,442.4599914550781,449.1600036621094,83081900
2023-08-30 00:00:00-04:00,449.510009765625,451.6700134277344,448.7799987792969,451.010009765625,69053900
2023-08-31 00:00:00-04:00,451.6499938964844,452.8299865722656,450.1600036621094,450.3500061035156,66084600
2023-09-01 00:00:00-04:00,453.1700134277344,453.6700134277344,449.67999267578125,451.19000244140625,58944100
2023-09-05 00:00:00-04:00,450.7300109863281,451.05999755859375,449.1700134277344,449.239990234375,55166200
2023-09-06 00:00:00-04:00,448.3999938964844,448.510009765625,443.80999755859375,446.2200012207031,70758500
2023-09-07 00:00:00-04:00,443.1099853515625,445.54998779296875,442.75,444.8500061035156,70355400
2023-09-08 00:00:00-04:00,444.8999938964844,447.1099853515625,444.5299987792969,445.5199890136719,61659700
2023-09-11 00:00:00-04:00,448.239990234375,448.7699890136719,446.4700012207031,448.45001220703125,60180100
2023-09-12 00:00:00-04:00,446.95001220703125,448.5299987792969,445.3900146484375,445.989990234375,67565400
2023-09-13 00:00:00-04:00,446.2200012207031,447.7099914550781,445.0799865722656,446.510009765625,60199300
2023-09-14 00:00:00-04:00,449.07000732421875,451.0799865722656,447.7200012207031,450.3599853515625,83430800
2023-09-15 00:00:00-04:00,447.1400146484375,447.4800109863281,442.9200134277344,443.3699951171875,111848900
2023-09-18 00:00:00-04:00,443.04998779296875,444.9700012207031,442.55999755859375,443.6300048828125,55752200
2023-09-19 00:00:00-04:00,442.67999267578125,443.2900085449219,439.94000244140625,442.7099914550781,66514600
2023-09-20 00:00:00-04:00,444.010009765625,444.44000244140625,438.42999267578125,438.6400146484375,82562600
2023-09-21 00:00:00-04:00,435.70001220703125,435.9700012207031,431.2300109863281,431.3900146484375,104095800
2023-09-22 00:00:00-04:00,432.45001220703125,434.1000061035156,429.989990234375,430.4200134277344,100829700
2023-09-25 00:00:00-04:00,429.1700134277344,432.2699890136719,428.7200012207031,432.2300109863281,70874500
2023-09-26 00:00:00-04:00,429.0899963378906,429.82000732421875,425.0199890136719,425.8800048828125,96168400
2023-09-27 00:00:00-04:00,427.0899963378906,427.6700134277344,422.2900085449219,426.04998779296875,104705800
2023-09-28 00:00:00-04:00,425.4800109863281,430.25,424.8699951171875,428.5199890136719,92258300
2023-09-29 00:00:00-04:00,431.6700134277344,431.8500061035156,425.9100036621094,427.4800109863281,115111300
2023-10-02 00:00:00-04:00,426.6199951171875,428.6000061035156,424.4599914550781,427.30999755859375,83798600
2023-10-03 00:00:00-04:00,425.05999755859375,427.3699951171875,420.17999267578125,421.5899963378906,103760600
2023-10-04 00:00:00-04:00,422.07000732421875,425.42999267578125,420.55999755859375,424.6600036621094,87453000
2023-10-05 00:00:00-04:00,424.3599853515625,425.3699951171875,421.1700134277344,424.5,70142700
2023-10-06 00:00:00-04:00,421.9700012207031,431.1300048828125,420.6000061035156,429.5400085449219,113273300
2023-10-09 00:00:00-04:00,427.5799865722656,432.8800048828125,427.010009765625,432.2900085449219,80374400
2023-10-10 00:00:00-04:00,432.94000244140625,437.2200012207031,432.5299987792969,434.5400085449219,78607300
2023-10-11 00:00:00-04:00,435.6400146484375,436.5799865722656,433.17999267578125,436.32000732421875,62451700
2023-10-12 00:00:00-04:00,436.95001220703125,437.3399963378906,431.2300109863281,433.6600036621094,81154200
2023-10-13 00:00:00-04:00,435.2099914550781,436.45001220703125,429.8800048828125,431.5,95143100
2023-10-16 00:00:00-04:00,433.82000732421875,437.1400146484375,433.57000732421875,436.0400085449219,75433200
2023-10-17 00:00:00-04:00,432.80999755859375,438.1400146484375,432.45001220703125,436.0199890136719,75324700
2023-10-18 00:00:00-04:00,434.19000244140625,435.17999267578125,429.0899963378906,430.2099914550781,93559800
2023-10-19 00:00:00-04:00,430.95001220703125,432.82000732421875,425.7300109863281,426.42999267578125,121323000
2023-10-20 00:00:00-04:00,425.9800109863281,426.5400085449219,421.0799865722656,421.19000244140625,123919900
2023-10-23 00:00:00-04:00,419.6099853515625,424.45001220703125,417.79998779296875,420.4599914550781,92035100
2023-10-24 00:00:00-04:00,422.6499938964844,424.82000732421875,420.739990234375,423.6300048828125,78564200
2023-10-25 00:00:00-04:00,421.8900146484375,421.9200134277344,417.0199890136719,417.54998779296875,94223200
2023-10-26 00:00:00-04:00,416.45001220703125,417.3299865722656,411.6000061035156,412.54998779296875,115156800
2023-10-27 00:00:00-04:00,414.19000244140625,414.6000061035156,409.2099914550781,410.67999267578125,107367700
2023-10-30 00:00:00-04:00,413.55999755859375,416.67999267578125,412.2200012207031,415.5899963378906,86562700
2023-10-31 00:00:00-04:00,416.17999267578125,418.5299987792969,414.2099914550781,418.20001220703125,79665200
2023-11-01 00:00:00-04:00,419.20001220703125,423.5,418.6499938964844,422.6600036621094,98068100
2023-11-02 00:00:00-04:00,426.5799865722656,430.9200134277344,426.55999755859375,430.760009765625,94938900
2023-11-03 00:00:00-04:00,433.1400146484375,436.2900085449219,433.010009765625,434.69000244140625,100167800
2023-11-06 00:00:00-05:00,435.4700012207031,436.1499938964844,433.67999267578125,435.69000244140625,67831700
2023-11-07 00:00:00-05:00,435.69000244140625,437.5899963378906,434.510009765625,436.92999267578125,64256100
2023-11-08 00:00:00-05:00,437.54998779296875,438.0899963378906,434.8699951171875,437.25,61746000
2023-11-09 00:00:00-05:00,438.42999267578125,438.4700012207031,433.3999938964844,433.8399963378906,83174400
2023-11-10 00:00:00-05:00,435.9800109863281,440.92999267578125,433.8299865722656,440.6099853515625,89462200
2023-11-13 00:00:00-05:00,439.2300109863281,441.3299865722656,438.4200134277344,440.19000244140625,52236100
2023-11-14 00:00:00-05:00,446.32000732421875,450.05999755859375,446.0899963378906,448.7300109863281,97176900
2023-11-15 00:00:00-05:00,450.1099853515625,451.3800048828125,448.79998779296875,449.67999267578125,77327600
2023-11-16 00:00:00-05:00,449.2200012207031,450.55999755859375,448.1199951171875,450.2300109863281,66665800
2023-11-17 00:00:00-05:00,450.239990234375,451.4200134277344,449.2900085449219,450.7900085449219,83133200
2023-11-20 00:00:00-05:00,450.5299987792969,455.1300048828125,450.5199890136719,454.260009765625,69936200
2023-11-21 00:00:00-05:00,453.17999267578125,454.1300048828125,451.9599914550781,453.2699890136719,49244600
2023-11-22 00:00:00-05:00,454.9800109863281,456.3800048828125,453.8900146484375,455.0199890136719,59394900
2023-11-24 00:00:00-05:00,455.07000732421875,455.5,454.7300109863281,455.29998779296875,29737400
2023-11-27 00:00:00-05:00,454.6499938964844,455.489990234375,454.0799865722656,454.4800109863281,50506000
2023-11-28 00:00:00-05:00,454.0799865722656,456.2699890136719,453.5,454.92999267578125,62115000
2023-11-29 00:00:00-05:00,457.1499938964844,458.32000732421875,454.20001220703125,454.6099853515625,63146000
2023-11-30 00:00:00-05:00,455.4800109863281,456.760009765625,453.3399963378906,456.3999938964844,79752700
2023-12-01 00:00:00-05:00,455.7699890136719,459.6499938964844,455.1600036621094,459.1000061035156,89183400
2023-12-04 00:00:00-05:00,455.6000061035156,459.1199951171875,454.3399963378906,456.69000244140625,72430900
2023-12-05 00:00:00-05:00,455.260009765625,457.5899963378906,454.8699951171875,456.6000061035156,69793500
2023-12-06 00:00:00-05:00,458.80999755859375,458.8399963378906,454.30999755859375,454.760009765625,69124700
2023-12-07 00:00:00-05:00,456.9100036621094,458.8999938964844,456.2900085449219,458.2300109863281,66995400
2023-12-08 00:00:00-05:00,457.4599914550781,460.75,457.2099914550781,460.20001220703125,83194400
2023-12-11 00:00:00-05:00,459.69000244140625,462.1700134277344,459.4700012207031,461.989990234375,65002200
2023-12-12 00:00:00-05:00,461.6300048828125,464.20001220703125,460.6000061035156,464.1000061035156,68327600
2023-12-13 00:00:00-05:00,464.489990234375,470.760009765625,464.1199951171875,470.5,93278000
2023-12-14 00:00:00-05:00,472.5,473.7300109863281,469.25,472.010009765625,119026000
2023-12-15 00:00:00-05:00,469.489990234375,470.70001220703125,467.42999267578125,469.3299865722656,141553700
2023-12-18 00:00:00-05:00,470.9800109863281,472.9800109863281,469.8900146484375,471.9700012207031,70375300
2023-12-19 00:00:00-05:00,472.5299987792969,474.9200134277344,472.45001220703125,474.8399963378906,55761800
2023-12-20 00:00:00-05:00,473.9599914550781,475.8999938964844,467.82000732421875,468.260009765625,102921000
2023-12-21 00:00:00-05:00,471.3299865722656,472.9800109863281,468.8399963378906,472.70001220703125,86667500
2023-12-22 00:00:00-05:00,473.8599853515625,475.3800048828125,471.70001220703125,473.6499938964844,67160400
2023-12-26 00:00:00-05:00,474.07000732421875,476.5799865722656,473.989990234375,475.6499938964844,55387000
2023-12-27 00:00:00-05:00,475.44000244140625,476.6600036621094,474.8900146484375,476.510009765625,68000300
2023-12-28 00:00:00-05:00,476.8800048828125,477.54998779296875,476.260009765625,476.69000244140625,77158100
2023-12-29 00:00:00-05:00,476.489990234375,477.0299987792969,473.29998779296875,475.30999755859375,122283100
2024-01-02 00:00:00-05:00,472.1600036621094,473.6700134277344,470.489990234375,472.6499938964844,123623700
2024-01-03 00:00:00-05:00,470.42999267578125,471.19000244140625,468.1700134277344,468.7900085449219,103585900
2024-01-04 00:00:00-05:00,468.29998779296875,470.9599914550781,467.04998779296875,467.2799987792969,84232200
2024-01-05 00:00:00-05:00,467.489990234375,470.44000244140625,466.42999267578125,467.9200134277344,86118900
2024-01-08 00:00:00-05:00,468.42999267578125,474.75,468.29998779296875,474.6000061035156,74879100
2024-01-09 00:00:00-05:00,471.8699951171875,474.92999267578125,471.3500061035156,473.8800048828125,65931400
2024-01-10 00:00:00-05:00,474.1600036621094,477.45001220703125,473.8699951171875,476.55999755859375,67310600
2024-01-11 00:00:00-05:00,477.5899963378906,478.1199951171875,472.260009765625,476.3500061035156,77940700
2024-01-12 00:00:00-05:00,477.8399963378906,478.6000061035156,475.2300109863281,476.67999267578125,58026400
2024-01-16 00:00:00-05:00,475.260009765625,476.6099853515625,473.05999755859375,474.92999267578125,85014900
2024-01-17 00:00:00-05:00,471.82000732421875,472.7900085449219,469.8699951171875,472.2900085449219,68843900
2024-01-18 00:00:00-05:00,474.010009765625,477.05999755859375,472.4200134277344,476.489990234375,91856200
2024-01-19 00:00:00-05:00,477.6499938964844,482.7200012207031,476.5400085449219,482.42999267578125,110834500
2024-01-22 00:00:00-05:00,484.010009765625,485.2200012207031,482.7799987792969,483.45001220703125,75844900
2024-01-23 00:00:00-05:00,484.010009765625,485.1099853515625,482.8900146484375,484.8599853515625,49945300
2024-01-24 00:00:00-05:00,487.80999755859375,488.7699890136719,484.8800048828125,485.3900146484375,81765000
2024-01-25 00:00:00-05:00,487.5799865722656,488.30999755859375,485.3900146484375,488.0299987792969,72525000
2024-01-26 00:00:00-05:00,487.5899963378906,489.1199951171875,486.5400085449219,487.4100036621094,76641600
2024-01-29 00:00:00-05:00,487.7300109863281,491.4200134277344,487.1700134277344,491.2699890136719,61322800
2024-01-30 00:00:00-05:00,490.55999755859375,491.6199951171875,490.1099853515625,490.8900146484375,58618400
2024-01-31 00:00:00-05:00,488.6199951171875,489.0799865722656,482.8599853515625,482.8800048828125,126011100
2024-02-01 00:00:00-05:00,484.6300048828125,489.2300109863281,483.79998779296875,489.20001220703125,91891600
2024-02-02 00:00:00-05:00,489.6499938964844,496.04998779296875,489.29998779296875,494.3500061035156,99228200
2024-02-05 00:00:00-05:00,493.70001220703125,494.3800048828125,490.2300109863281,492.54998779296875,75757100
2024-02-06 00:00:00-05:00,493.5199890136719,494.32000732421875,492.04998779296875,493.9800109863281,55918600
2024-02-07 00:00:00-05:00,496.2900085449219,498.5299987792969,495.3599853515625,498.1000061035156,70556500
2024-02-08 00:00:00-05:00,498.1000061035156,498.7099914550781,497.260009765625,498.32000732421875,52343600
2024-02-09 00:00:00-05:00,498.8399963378906,501.6499938964844,498.489990234375,501.20001220703125,63979400
2024-02-12 00:00:00-05:00,501.1700134277344,503.5,500.239990234375,500.9800109863281,56502300
2024-02-13 00:00:00-05:00,494.5299987792969,497.0899963378906,490.7200012207031,494.0799865722656,113099200
2024-02-14 00:00:00-05:00,496.7900085449219,499.07000732421875,494.3999938964844,498.57000732421875,68387800
2024-02-15 00:00:00-05:00,499.2900085449219,502.20001220703125,498.79998779296875,502.010009765625,61683000
2024-02-16 00:00:00-05:00,501.70001220703125,502.8699951171875,498.75,499.510009765625,75532900
2024-02-20 00:00:00-05:00,497.7200012207031,498.4100036621094,494.45001220703125,496.760009765625,71736700
2024-02-21 00:00:00-05:00,495.4200134277344,497.3699951171875,493.55999755859375,497.2099914550781,59293400
2024-02-22 00:00:00-05:00,504.010009765625,508.489990234375,503.0199890136719,507.5,76402500
2024-02-23 00:00:00-05:00,509.2699890136719,510.1300048828125,507.1000061035156,507.8500061035156,61321800
2024-02-26 00:00:00-05:00,508.29998779296875,508.75,505.8599853515625,505.989990234375,50386700
2024-02-27 00:00:00-05:00,506.70001220703125,507.1600036621094,504.75,506.92999267578125,48854500
2024-02-28 00:00:00-05:00,505.3299865722656,506.8599853515625,504.9599914550781,506.260009765625,56506600
2024-02-29 00:00:00-05:00,508.07000732421875,509.739990234375,505.3500061035156,508.0799865722656,83924800
2024-03-01 00:00:00-05:00,508.9800109863281,513.2899780273438,508.55999755859375,512.8499755859375,76844800
2024-03-04 00:00:00-05:00,512.030029296875,514.2000122070312,512.0,512.2999877929688,49799300
2024-03-05 00:00:00-05:00,510.239990234375,510.70001220703125,504.9100036621094,507.17999267578125,72855600
2024-03-06 00:00:00-05:00,510.54998779296875,512.0700073242188,508.4200134277344,509.75,68382400
2024-03-07 00:00:00-05:00,513.1400146484375,515.8900146484375,509.80999755859375,514.8099975585938,58652100
2024-03-08 00:00:00-05:00,515.4600219726562,518.219970703125,511.1300048828125,511.7200012207031,86532500
2024-03-11 00:00:00-04:00,510.4800109863281,511.8800048828125,508.5,511.2799987792969,62557200
2024-03-12 00:00:00-04:00,513.4500122070312,517.3800048828125,510.8599853515625,516.780029296875,73114400
2024-03-13 00:00:00-04:00,517.1099853515625,517.2899780273438,514.489990234375,515.969970703125,55104100
2024-03-14 00:00:00-04:00,516.969970703125,517.1300048828125,511.82000732421875,514.9500122070312,110171800
2024-03-15 00:00:00-04:00,510.2099914550781,511.70001220703125,508.1199951171875,509.8299865722656,107646300
2024-03-18 00:00:00-04:00,514.0,515.47998046875,512.4400024414062,512.8599853515625,88893300
2024-03-19 00:00:00-04:00,512.1500244140625,516.0,511.1199951171875,515.7100219726562,60755300
2024-03-20 00:00:00-04:00,515.77001953125,520.6199951171875,515.0800170898438,520.47998046875,69594600
2024-03-21 00:00:00-04:00,523.3900146484375,524.1099853515625,521.9099731445312,522.2000122070312,60256100
2024-03-22 00:00:00-04:00,522.1099853515625,522.6099853515625,520.969970703125,521.2100219726562,79070800
2024-03-25 00:00:00-04:00,519.7999877929688,520.9500122070312,519.6099853515625,519.77001953125,48512100
2024-03-26 00:00:00-04:00,521.22998046875,521.5800170898438,518.4000244140625,518.8099975585938,65463700
2024-03-27 00:00:00-04:00,521.7100219726562,523.2100219726562,519.489990234375,523.1699829101562,82999800
2024-03-28 00:00:00-04:00,523.2100219726562,524.6099853515625,522.780029296875,523.0700073242188,96294900
2024-04-01 00:00:00-04:00,523.8300170898438,524.3800048828125,520.969970703125,522.1599731445312,62477500
2024-04-02 00:00:00-04:00,518.239990234375,518.97998046875,516.47998046875,518.8400268554688,74230300
2024-04-03 00:00:00-04:00,517.719970703125,520.9500122070312,517.6699829101562,519.4099731445312,59155800
2024-04-04 00:00:00-04:00,523.52001953125,523.8699951171875,512.760009765625,513.0700073242188,96858100
2024-04-05 00:00:00-04:00,514.4600219726562,520.4400024414062,514.010009765625,518.4299926757812,74546500
2024-04-08 00:00:00-04:00,519.1500244140625,520.1799926757812,517.8900146484375,518.719970703125,48401800
2024-04-09 00:00:00-04:00,520.5,520.75,514.3499755859375,519.3200073242188,68049200
2024-04-10 00:00:00-04:00,513.47998046875,516.1599731445312,512.0900268554688,514.1199951171875,82652800
2024-04-11 00:00:00-04:00,515.6799926757812,519.47998046875,512.0800170898438,518.0,70099000
2024-04-12 00:00:00-04:00,514.3699951171875,515.8200073242188,509.0799865722656,510.8500061035156,92561100
2024-04-15 00:00:00-04:00,515.1300048828125,515.2999877929688,503.5799865722656,504.45001220703125,92101400
2024-04-16 00:00:00-04:00,504.94000244140625,506.5,502.2099914550781,503.5299987792969,73484000
2024-04-17 00:00:00-04:00,506.04998779296875,506.2200012207031,499.1199951171875,500.54998779296875,75910300
2024-04-18 00:00:00-04:00,501.9800109863281,504.1300048828125,498.55999755859375,499.5199890136719,74548100
2024-04-19 00:00:00-04:00,499.44000244140625,500.4599914550781,493.8599853515625,495.1600036621094,102212600
2024-04-22 00:00:00-04:00,497.8299865722656,502.3800048828125,495.42999267578125,499.7200012207031,67961000
2024-04-23 00:00:00-04:00,501.7799987792969,506.0899963378906,499.5299987792969,505.6499938964844,64633600
2024-04-24 00:00:00-04:00,506.55999755859375,507.3699951171875,503.1300048828125,505.4100036621094,55928100
2024-04-25 00:00:00-04:00,499.17999267578125,504.2699890136719,497.489990234375,503.489990234375,69122400
2024-04-26 00:00:00-04:00,506.3500061035156,509.8800048828125,505.70001220703125,508.260009765625,64306100
2024-04-29 00:00:00-04:00,510.0899963378906,510.75,507.25,510.05999755859375,46415400
2024-04-30 00:00:00-04:00,508.55999755859375,509.55999755859375,501.9800109863281,501.9800109863281,77483600
2024-05-01 00:00:00-04:00,501.3800048828125,508.19000244140625,499.8699951171875,500.3500061035156,80242800
2024-05-02 00:00:00-04:00,504.1499938964844,505.8900146484375,499.54998779296875,505.0299987792969,62550200
2024-05-03 00:00:00-04:00,511.1600036621094,512.5499877929688,508.55999755859375,511.2900085449219,72756700
2024-05-06 00:00:00-04:00,513.75,516.6099853515625,513.2999877929688,516.5700073242188,47264700
2024-05-07 00:00:00-04:00,517.5599975585938,518.5700073242188,516.4500122070312,517.1400146484375,52561300
2024-05-08 00:00:00-04:00,515.260009765625,517.739990234375,515.1400146484375,517.1900024414062,42047200
2024-05-09 00:00:00-04:00,517.3800048828125,520.2100219726562,516.7100219726562,520.1699829101562,43643700
2024-05-10 00:00:00-04:00,521.8099975585938,522.6400146484375,519.5900268554688,520.8400268554688,52233200
2024-05-13 00:00:00-04:00,522.5599975585938,522.6699829101562,519.739990234375,520.9099731445312,36716400
2024-05-14 00:00:00-04:00,521.1099853515625,523.8300170898438,520.5599975585938,523.2999877929688,57535900
2024-05-15 00:00:00-04:00,525.8300170898438,530.0800170898438,525.1799926757812,529.780029296875,59504900
2024-05-16 00:00:00-04:00,529.8800048828125,531.52001953125,528.5399780273438,528.6900024414062,50244800
2024-05-17 00:00:00-04:00,528.8099975585938,529.52001953125,527.3200073242188,529.4500122070312,59187600
2024-05-20 00:00:00-04:00,529.5700073242188,531.5599975585938,529.1699829101562,530.0599975585938,37764200
2024-05-21 00:00:00-04:00,529.280029296875,531.52001953125,529.0700073242188,531.3599853515625,33437000
2024-05-22 00:00:00-04:00,530.6500244140625,531.3800048828125,527.5999755859375,529.8300170898438,48390000
2024-05-23 00:00:00-04:00,532.9600219726562,533.0700073242188,524.719970703125,525.9600219726562,57211200
2024-05-24 00:00:00-04:00,527.8499755859375,530.27001953125,526.8800048828125,529.4400024414062,41291100
2024-05-28 00:00:00-04:00,530.27001953125,530.510009765625,527.1099853515625,529.8099975585938,36269600
2024-05-29 00:00:00-04:00,525.6799926757812,527.3099975585938,525.3699951171875,526.0999755859375,45190300
2024-05-30 00:00:00-04:00,524.52001953125,525.2000122070312,521.3300170898438,522.6099853515625,46377600
2024-05-31 00:00:00-04:00,523.5900268554688,527.5,518.3599853515625,527.3699951171875,90785800
2024-06-03 00:00:00-04:00,529.02001953125,529.3099975585938,522.5999755859375,527.7999877929688,46835700
2024-06-04 00:00:00-04:00,526.4600219726562,529.1500244140625,524.9600219726562,528.3900146484375,34632700
2024-06-05 00:00:00-04:00,530.77001953125,534.6900024414062,528.72998046875,534.6699829101562,47610400
2024-06-06 00:00:00-04:00,534.97998046875,535.4199829101562,532.6799926757812,534.6599731445312,30808500
2024-06-07 00:00:00-04:00,533.6599731445312,536.8900146484375,532.5399780273438,534.010009765625,43224500
2024-06-10 00:00:00-04:00,533.1799926757812,535.989990234375,532.5700073242188,535.6599731445312,35686100
2024-06-11 00:00:00-04:00,534.0700073242188,537.010009765625,532.0499877929688,536.9500122070312,36383400
2024-06-12 00:00:00-04:00,541.6300048828125,544.1199951171875,540.2999877929688,541.3599853515625,63251300
2024-06-13 00:00:00-04:00,543.1500244140625,543.3300170898438,539.5900268554688,542.4500122070312,44760900
2024-06-14 00:00:00-04:00,540.8800048828125,542.8099975585938,539.8499755859375,542.780029296875,40089900
2024-06-17 00:00:00-04:00,542.0800170898438,548.530029296875,541.6099853515625,547.0999755859375,55839500
2024-06-18 00:00:00-04:00,547.1599731445312,548.6199951171875,546.72998046875,548.489990234375,41376400
2024-06-20 00:00:00-04:00,549.4400024414062,550.1199951171875,545.1799926757812,547.0,70328200
2024-06-21 00:00:00-04:00,544.4000244140625,545.6500244140625,543.02001953125,544.510009765625,64338600
2024-06-24 00:00:00-04:00,544.3300170898438,546.9500122070312,542.6199951171875,542.739990234375,45528700
2024-06-25 00:00:00-04:00,543.989990234375,545.2000122070312,542.4400024414062,544.8300170898438,37936200
2024-06-26 00:00:00-04:00,543.6900024414062,546.239990234375,543.030029296875,545.510009765625,38550600
2024-06-27 00:00:00-04:00,545.3699951171875,546.9600219726562,544.6099853515625,546.3699951171875,35041500
2024-06-28 00:00:00-04:00,547.1599731445312,550.280029296875,542.9500122070312,544.219970703125,76144500
2024-07-01 00:00:00-04:00,545.6300048828125,545.8800048828125,542.52001953125,545.3400268554688,40297800
2024-07-02 00:00:00-04:00,543.7000122070312,549.010009765625,543.6500244140625,549.010009765625,40434800
2024-07-03 00:00:00-04:00,548.6900024414062,551.8300170898438,548.6500244140625,551.4600219726562,32789900
2024-07-05 00:00:00-04:00,551.77001953125,555.0499877929688,551.1199951171875,554.6400146484375,41488400
2024-07-08 00:00:00-04:00,555.4400024414062,556.25,554.1900024414062,555.280029296875,36110500
2024-07-09 00:00:00-04:00,556.260009765625,557.1799926757812,555.52001953125,555.8200073242188,27289700
2024-07-10 00:00:00-04:00,557.0700073242188,561.6699829101562,556.77001953125,561.3200073242188,38701200
2024-07-11 00:00:00-04:00,561.4400024414062,562.3300170898438,555.8300170898438,556.47998046875,53054200
2024-07-12 00:00:00-04:00,557.6300048828125,563.6699829101562,557.1500244140625,559.989990234375,53084400
2024-07-15 00:00:00-04:00,562.030029296875,564.8400268554688,559.6300048828125,561.530029296875,40584300
2024-07-16 00:00:00-04:00,562.8699951171875,565.1599731445312,562.0999755859375,564.8599853515625,36475300
2024-07-17 00:00:00-04:00,558.7999877929688,560.510009765625,556.6099853515625,556.9400024414062,57119000
2024-07-18 00:00:00-04:00,558.510009765625,559.52001953125,550.4299926757812,552.6599731445312,56270400
2024-07-19 00:00:00-04:00,552.4199829101562,554.0800170898438,547.9099731445312,548.989990234375,65509100
2024-07-22 00:00:00-04:00,553.0,555.27001953125,551.02001953125,554.6500244140625,43346700
2024-07-23 00:00:00-04:00,554.5399780273438,556.739990234375,553.280029296875,553.780029296875,34439600
2024-07-24 00:00:00-04:00,548.8599853515625,549.1699829101562,540.2899780273438,541.22998046875,74515300
2024-07-25 00:00:00-04:00,541.3499755859375,547.4600219726562,537.4500122070312,538.4099731445312,61158300
2024-07-26 00:00:00-04:00,542.280029296875,547.1900024414062,541.489990234375,544.4400024414062,53763800
2024-07-29 00:00:00-04:00,546.02001953125,547.0499877929688,542.719970703125,544.760009765625,39515800
2024-07-30 00:00:00-04:00,546.260009765625,547.3400268554688,538.52001953125,542.0,46853600
2024-07-31 00:00:00-04:00,548.97998046875,553.5,547.5800170898438,550.8099975585938,65663400
2024-08-01 00:00:00-04:00,552.5700073242188,554.8699951171875,539.4299926757812,543.010009765625,76428700
2024-08-02 00:00:00-04:00,535.75,536.989990234375,528.5999755859375,532.9000244140625,82789100
2024-08-05 00:00:00-04:00,511.6400146484375,523.5800170898438,510.2699890136719,517.3800048828125,146267400
2024-08-06 00:00:00-04:00,519.219970703125,529.75,517.8699951171875,522.1500244140625,84826300
2024-08-07 00:00:00-04:00,528.469970703125,531.5900268554688,518.0499877929688,518.6599731445312,70698300
2024-08-08 00:00:00-04:00,523.9099731445312,531.2899780273438,521.8400268554688,530.6500244140625,63276600
2024-08-09 00:00:00-04:00,529.8099975585938,534.510009765625,528.5599975585938,532.989990234375,45619600
2024-08-12 00:00:00-04:00,534.2100219726562,535.72998046875,530.9500122070312,533.27001953125,42542100
2024-08-13 00:00:00-04:00,536.530029296875,542.280029296875,536.280029296875,542.0399780273438,52333100
2024-08-14 00:00:00-04:00,542.8499755859375,544.9600219726562,540.1199951171875,543.75,42446900
2024-08-15 00:00:00-04:00,549.5,553.3599853515625,548.8800048828125,553.0700073242188,60846800
2024-08-16 00:00:00-04:00,551.4199829101562,555.02001953125,551.260009765625,554.3099975585938,44430700
2024-08-19 00:00:00-04:00,554.72998046875,559.6099853515625,553.8599853515625,559.6099853515625,39121800
2024-08-20 00:00:00-04:00,559.1500244140625,560.8400268554688,557.3300170898438,558.7000122070312,33732300
2024-08-21 00:00:00-04:00,559.77001953125,562.1099853515625,554.72998046875,560.6199951171875,41514600
2024-08-22 00:00:00-04:00,562.5599975585938,563.1799926757812,554.97998046875,556.219970703125,56121500
2024-08-23 00:00:00-04:00,559.530029296875,563.0900268554688,557.2899780273438,562.1300048828125,50639400
2024-08-26 00:00:00-04:00,563.1799926757812,563.9099731445312,559.0499877929688,560.7899780273438,35788600
2024-08-27 00:00:00-04:00,559.489990234375,562.0599975585938,558.3200073242188,561.5599975585938,32693900
2024-08-28 00:00:00-04:00,561.2100219726562,561.6500244140625,555.0399780273438,558.2999877929688,41066000
2024-08-29 00:00:00-04:00,560.3099975585938,563.6799926757812,557.1799926757812,558.3499755859375,38715200
2024-08-30 00:00:00-04:00,560.77001953125,564.2000122070312,557.1400146484375,563.6799926757812,62700100
2024-09-03 00:00:00-04:00,560.469970703125,560.8099975585938,549.510009765625,552.0800170898438,60600100
2024-09-04 00:00:00-04:00,550.2000122070312,554.4299926757812,549.4600219726562,550.9500122070312,47224900
2024-09-05 00:00:00-04:00,550.8900146484375,553.7999877929688,547.0999755859375,549.6099853515625,44264300
2024-09-06 00:00:00-04:00,549.9400024414062,551.5999755859375,539.4400024414062,540.3599853515625,68493800
2024-09-09 00:00:00-04:00,544.6500244140625,547.7100219726562,542.6799926757812,546.4099731445312,40445800
2024-09-10 00:00:00-04:00,548.3599853515625,549.1500244140625,543.3800048828125,548.7899780273438,36394600
2024-09-11 00:00:00-04:00,548.7000122070312,555.3599853515625,539.9600219726562,554.4199829101562,75248600
2024-09-12 00:00:00-04:00,555.010009765625,559.4000244140625,552.739990234375,559.0900268554688,51819600
2024-09-13 00:00:00-04:00,559.7100219726562,563.030029296875,559.4500122070312,562.010009765625,39310500
2024-09-16 00:00:00-04:00,561.739990234375,563.1099853515625,559.9000244140625,562.8400268554688,36656100
2024-09-17 00:00:00-04:00,565.0999755859375,566.5800170898438,560.7899780273438,563.0700073242188,49321000
2024-09-18 00:00:00-04:00,563.739990234375,568.6900024414062,560.8300170898438,561.4000244140625,59044900
2024-09-19 00:00:00-04:00,571.010009765625,572.8800048828125,568.0800170898438,570.97998046875,75315500
2024-09-20 00:00:00-04:00,567.8400268554688,569.3099975585938,565.1699829101562,568.25,77503100
2024-09-23 00:00:00-04:00,569.3400268554688,570.3300170898438,568.0999755859375,569.6699829101562,44116900
2024-09-24 00:00:00-04:00,570.47998046875,571.3599853515625,567.5999755859375,571.2999877929688,46805700
2024-09-25 00:00:00-04:00,571.1400146484375,571.8900146484375,568.9099731445312,570.0399780273438,38428600
2024-09-26 00:00:00-04:00,574.3800048828125,574.7100219726562,569.9000244140625,572.2999877929688,48336000
2024-09-27 00:00:00-04:00,573.3900146484375,574.219970703125,570.4199829101562,571.469970703125,42100900
2024-09-30 00:00:00-04:00,570.4199829101562,574.3800048828125,568.0800170898438,573.760009765625,63557400
2024-10-01 00:00:00-04:00,573.4000244140625,574.0599975585938,566.0,568.6199951171875,72668800
2024-10-02 00:00:00-04:00,567.7100219726562,569.9000244140625,565.27001953125,568.8599853515625,38097800
2024-10-03 00:00:00-04:00,567.3599853515625,569.7999877929688,565.489990234375,567.8200073242188,40846500
2024-10-04 00:00:00-04:00,572.3499755859375,573.3599853515625,568.0999755859375,572.97998046875,42939100
2024-10-07 00:00:00-04:00,571.2999877929688,571.9600219726562,566.6300048828125,567.7999877929688,49964700
2024-10-08 00:00:00-04:00,570.4199829101562,573.780029296875,569.530029296875,573.1699829101562,37398700
2024-10-09 00:00:00-04:00,573.1599731445312,577.7100219726562,572.5499877929688,577.1400146484375,37912200
2024-10-10 00:00:00-04:00,575.77001953125,577.5800170898438,574.489990234375,576.1300048828125,44138100
2024-10-11 00:00:00-04:00,576.0499877929688,580.3300170898438,575.9099731445312,579.5800170898438,42268000
2024-10-14 00:00:00-04:00,581.219970703125,585.27001953125,580.72998046875,584.3200073242188,36217200
2024-10-15 00:00:00-04:00,584.5900268554688,584.9000244140625,578.5399780273438,579.780029296875,54203600
2024-10-16 00:00:00-04:00,579.780029296875,582.8300170898438,578.9600219726562,582.2999877929688,30725400
2024-10-17 00:00:00-04:00,585.9099731445312,586.1199951171875,582.1599731445312,582.3499755859375,34393700
2024-10-18 00:00:00-04:00,584.0700073242188,585.3900146484375,582.5800170898438,584.5900268554688,37416800
2024-10-21 00:00:00-04:00,583.8499755859375,584.8499755859375,580.5999755859375,583.6300048828125,36439000
2024-10-22 00:00:00-04:00,581.0499877929688,584.5,580.3800048828125,583.3200073242188,34183800
2024-10-23 00:00:00-04:00,581.260009765625,581.7100219726562,574.4199829101562,577.989990234375,49314600
2024-10-24 00:00:00-04:00,579.97998046875,580.0599975585938,576.5700073242188,579.239990234375,34979900
2024-10-25 00:00:00-04:00,581.510009765625,584.4600219726562,578.0800170898438,579.0399780273438,47268200
2024-10-28 00:00:00-04:00,582.5800170898438,582.7100219726562,580.52001953125,580.8300170898438,30174700
2024-10-29 00:00:00-04:00,579.8499755859375,582.9099731445312,578.4299926757812,581.77001953125,42899700
2024-10-30 00:00:00-04:00,581.2899780273438,583.3200073242188,579.2899780273438,580.010009765625,41435800
2024-10-31 00:00:00-04:00,575.5599975585938,575.6300048828125,568.4400024414062,568.6400146484375,60182500
2024-11-01 00:00:00-04:00,571.3200073242188,575.5499877929688,570.6199951171875,571.0399780273438,45667500
2024-11-04 00:00:00-05:00,571.1799926757812,572.5,567.8900146484375,569.8099975585938,38217000
2024-11-05 00:00:00-05:00,570.739990234375,576.739990234375,570.52001953125,576.7000122070312,39478300
2024-11-06 00:00:00-05:00,589.2000122070312,591.9299926757812,585.3900146484375,591.0399780273438,68182000
2024-11-07 00:00:00-05:00,593.0800170898438,596.6500244140625,593.0,595.6099853515625,47233200
2024-11-08 00:00:00-05:00,596.1699829101562,599.6400146484375,596.1699829101562,598.1900024414062,46444900
2024-11-11 00:00:00-05:00,599.8099975585938,600.1699829101562,597.0,598.760009765625,37586800
2024-11-12 00:00:00-05:00,598.6799926757812,599.2899780273438,594.3699951171875,596.9000244140625,43006100
2024-11-13 00:00:00-05:00,597.3699951171875,599.22998046875,594.9600219726562,597.1900024414062,47388600
2024-11-14 00:00:00-05:00,597.3200073242188,597.8099975585938,592.6500244140625,593.3499755859375,38904100
2024-11-15 00:00:00-05:00,589.719970703125,590.2000122070312,583.8599853515625,585.75,75988800
2024-11-18 00:00:00-05:00,586.219970703125,589.489990234375,585.3400268554688,588.1500244140625,37001700
2024-11-19 00:00:00-05:00,584.7100219726562,591.0399780273438,584.030029296875,590.2999877929688,49412000
2024-11-20 00:00:00-05:00,590.3800048828125,590.7899780273438,584.6300048828125,590.5,50032600
2024-11-21 00:00:00-05:00,593.4000244140625,595.1199951171875,587.4500122070312,593.6699829101562,46750300
2024-11-22 00:00:00-05:00,593.6599731445312,596.1500244140625,593.1500244140625,595.510009765625,38226400
2024-11-25 00:00:00-05:00,599.52001953125,600.8599853515625,595.2000122070312,597.530029296875,42441400
2024-11-26 00:00:00-05:00,598.7999877929688,601.3300170898438,598.0700073242188,600.6500244140625,45621300
2024-11-27 00:00:00-05:00,600.4600219726562,600.8499755859375,597.280029296875,598.8300170898438,34000200
2024-11-29 00:00:00-05:00,599.6599731445312,603.3499755859375,599.3800048828125,602.5499877929688,30177400
2024-12-02 00:00:00-05:00,602.969970703125,604.3200073242188,602.469970703125,603.6300048828125,31746000
2024-12-03 00:00:00-05:00,603.3900146484375,604.1599731445312,602.3400268554688,603.9099731445312,26906600
2024-12-04 00:00:00-05:00,605.6300048828125,607.9099731445312,604.9500122070312,607.6599731445312,42787600
2024-12-05 00:00:00-05:00,607.6599731445312,608.47998046875,606.2999877929688,606.6599731445312,28762200
2024-12-06 00:00:00-05:00,607.4400024414062,609.0700073242188,607.02001953125,607.8099975585938,31241500
2024-12-09 00:00:00-05:00,607.6900024414062,607.8599853515625,604.0800170898438,604.6799926757812,34742700
2024-12-10 00:00:00-05:00,605.3699951171875,605.7999877929688,602.1300048828125,602.7999877929688,37234500
2024-12-11 00:00:00-05:00,605.780029296875,608.4299926757812,605.5,607.4600219726562,28677700
2024-12-12 00:00:00-05:00,606.5800170898438,607.1599731445312,604.3300170898438,604.3300170898438,31543800
2024-12-13 00:00:00-05:00,606.4000244140625,607.1300048828125,602.8099975585938,604.2100219726562,35904700
2024-12-16 00:00:00-05:00,606.0,607.780029296875,605.2100219726562,606.7899780273438,43695200
2024-12-17 00:00:00-05:00,604.1900024414062,605.1699829101562,602.8900146484375,604.2899780273438,55773500
2024-12-18 00:00:00-05:00,603.97998046875,606.4099731445312,585.8900146484375,586.280029296875,108248700
2024-12-19 00:00:00-05:00,591.3599853515625,593.0,585.8499755859375,586.0999755859375,85919500
2024-12-20 00:00:00-05:00,581.77001953125,595.75,580.9099731445312,591.1500244140625,125716700
2024-12-23 00:00:00-05:00,590.8900146484375,595.2999877929688,587.6599731445312,594.6900024414062,57635800
2024-12-24 00:00:00-05:00,596.0599975585938,601.3400268554688,595.469970703125,601.2999877929688,33160100
2024-12-26 00:00:00-05:00,599.5,602.47998046875,598.0800170898438,601.3400268554688,41219100
2024-12-27 00:00:00-05:00,597.5399780273438,597.780029296875,590.760009765625,595.010009765625,64969300
2024-12-30 00:00:00-05:00,587.8900146484375,591.739990234375,584.4099731445312,588.219970703125,56578800
2024-12-31 00:00:00-05:00,589.9099731445312,590.6400146484375,584.4199829101562,586.0800170898438,57052700
2025-01-02 00:00:00-05:00,589.3900146484375,591.1300048828125,580.5,584.6400146484375,50204000
2025-01-03 00:00:00-05:00,587.530029296875,592.5999755859375,586.4299926757812,591.9500122070312,37888500
2025-01-06 00:00:00-05:00,596.27001953125,599.7000122070312,593.5999755859375,595.3599853515625,47679400
2025-01-07 00:00:00-05:00,597.4199829101562,597.75,586.780029296875,588.6300048828125,60393100
2025-01-08 00:00:00-05:00,588.7000122070312,590.5800170898438,585.2000122070312,589.489990234375,47304700
2025-01-10 00:00:00-05:00,585.8800048828125,585.9500122070312,578.5499877929688,580.489990234375,73105000
2025-01-13 00:00:00-05:00,575.77001953125,581.75,575.3499755859375,581.3900146484375,47910100
2025-01-14 00:00:00-05:00,584.3599853515625,585.0,578.3499755859375,582.1900024414062,48420600
2025-01-15 00:00:00-05:00,590.3300170898438,593.9400024414062,589.2000122070312,592.780029296875,56900200
2025-01-16 00:00:00-05:00,594.1699829101562,594.3499755859375,590.9299926757812,591.6400146484375,43319700
2025-01-17 00:00:00-05:00,596.9600219726562,599.3599853515625,595.6099853515625,597.5800170898438,58070600
2025-01-21 00:00:00-05:00,600.6699829101562,603.0599975585938,598.6699829101562,603.0499877929688,42532900
2025-01-22 00:00:00-05:00,605.9199829101562,607.8200073242188,605.3599853515625,606.4400024414062,48196000
2025-01-23 00:00:00-05:00,605.7999877929688,609.75,605.52001953125,609.75,41152100
2025-01-24 00:00:00-05:00,609.8099975585938,610.780029296875,606.7999877929688,607.969970703125,34604700
2025-01-27 00:00:00-05:00,594.8099975585938,599.6900024414062,594.6400146484375,599.3699951171875,70361100
2025-01-28 00:00:00-05:00,600.6199951171875,605.3699951171875,597.25,604.52001953125,44433300
2025-01-29 00:00:00-05:00,603.719970703125,604.1300048828125,599.219970703125,601.8099975585938,37177400
2025-01-30 00:00:00-05:00,603.9600219726562,606.5999755859375,600.719970703125,605.0399780273438,39281300
2025-01-31 00:00:00-05:00,607.5,609.9600219726562,601.0499877929688,601.8200073242188,66566900
2025-02-03 00:00:00-05:00,592.6699829101562,600.2899780273438,590.489990234375,597.77001953125,65857200
2025-02-04 00:00:00-05:00,597.8300170898438,602.2999877929688,597.280029296875,601.780029296875,33457800
2025-02-05 00:00:00-05:00,600.6400146484375,604.3699951171875,598.5800170898438,604.219970703125,30653100
2025-02-06 00:00:00-05:00,605.989990234375,606.4500122070312,602.6300048828125,606.3200073242188,35771500
2025-02-07 00:00:00-05:00,606.8900146484375,608.1300048828125,600.0499877929688,600.77001953125,50788500
2025-02-10 00:00:00-05:00,604.030029296875,605.5,602.739990234375,604.8499755859375,26048700
2025-02-11 00:00:00-05:00,602.5499877929688,605.8599853515625,602.4299926757812,605.3099975585938,30056700
2025-02-12 00:00:00-05:00,599.2000122070312,604.5499877929688,598.510009765625,603.3599853515625,45076100
2025-02-13 00:00:00-05:00,604.47998046875,609.9400024414062,603.2000122070312,609.72998046875,40921300
2025-02-14 00:00:00-05:00,609.9400024414062,610.989990234375,609.0700073242188,609.7000122070312,26910400
2025-02-18 00:00:00-05:00,610.8800048828125,611.489990234375,608.3800048828125,611.489990234375,26749000
2025-02-19 00:00:00-05:00,610.0800170898438,613.22998046875,609.5599975585938,612.9299926757812,31011100
2025-02-20 00:00:00-05:00,611.5399780273438,611.6799926757812,607.02001953125,610.3800048828125,36554000
2025-02-21 00:00:00-05:00,610.1599731445312,610.2999877929688,599.469970703125,599.9400024414062,76519800
2025-02-24 00:00:00-05:00,602.02001953125,603.030029296875,596.489990234375,597.2100219726562,50737200
2025-02-25 00:00:00-05:00,597.1500244140625,597.8900146484375,589.5599975585938,594.239990234375,58266500
2025-02-26 00:00:00-05:00,595.9299926757812,599.5800170898438,591.8599853515625,594.5399780273438,43321600
2025-02-27 00:00:00-05:00,596.8499755859375,598.02001953125,584.6500244140625,585.0499877929688,74196700
2025-02-28 00:00:00-05:00,585.5599975585938,594.719970703125,582.4400024414062,594.1799926757812,88744100
2025-03-03 00:00:00-05:00,596.1799926757812,597.3400268554688,579.9000244140625,583.77001953125,74249200
2025-03-04 00:00:00-05:00,579.7100219726562,585.3900146484375,572.25,576.8599853515625,109648200
2025-03-05 00:00:00-05:00,576.6900024414062,584.8800048828125,573.0800170898438,583.0599975585938,71230500
2025-03-06 00:00:00-05:00,575.47998046875,580.1699829101562,570.1199951171875,572.7100219726562,80094900
2025-03-07 00:00:00-05:00,570.9000244140625,577.3900146484375,565.6300048828125,575.9199829101562,81158800
2025-03-10 00:00:00-04:00,567.5900268554688,569.5399780273438,555.5900268554688,560.5800170898438,99326600
2025-03-11 00:00:00-04:00,559.4000244140625,564.02001953125,552.02001953125,555.9199829101562,88102100
2025-03-12 00:00:00-04:00,562.1699829101562,563.1099853515625,553.6900024414062,558.8699951171875,69588200
2025-03-13 00:00:00-04:00,558.489990234375,559.1099853515625,549.6799926757812,551.4199829101562,74079400
2025-03-14 00:00:00-04:00,556.1099853515625,563.8300170898438,551.489990234375,562.8099975585938,62660300
2025-03-17 00:00:00-04:00,562.7899780273438,569.7100219726562,562.3499755859375,567.1500244140625,49008700
2025-03-18 00:00:00-04:00,564.7999877929688,565.02001953125,559.0599975585938,561.02001953125,66041400
2025-03-19 00:00:00-04:00,562.8300170898438,570.9500122070312,561.6300048828125,567.1300048828125,66556000
2025-03-20 00:00:00-04:00,563.3300170898438,570.5700073242188,562.5999755859375,565.489990234375,62958200
2025-03-21 00:00:00-04:00,559.280029296875,564.8900146484375,558.030029296875,563.97998046875,83763000
2025-03-24 00:00:00-04:00,570.7999877929688,575.1500244140625,570.2000122070312,574.0800170898438,58766800
2025-03-25 00:00:00-04:00,575.2999877929688,576.4099731445312,573.6900024414062,575.4600219726562,38355700
2025-03-26 00:00:00-04:00,575.1900024414062,576.3300170898438,567.1900024414062,568.5900268554688,51848300
2025-03-27 00:00:00-04:00,567.1799926757812,570.9000244140625,564.9400024414062,567.0800170898438,42164200
2025-03-28 00:00:00-04:00,565.530029296875,566.27001953125,555.0700073242188,555.6599731445312,71662700
2025-03-31 00:00:00-04:00,549.8300170898438,560.7100219726562,546.8699951171875,559.3900146484375,95328200
2025-04-01 00:00:00-04:00,557.4500122070312,562.9400024414062,553.6799926757812,560.969970703125,54609600
2025-04-02 00:00:00-04:00,555.0499877929688,567.4199829101562,554.8099975585938,564.52001953125,76014500
2025-04-03 00:00:00-04:00,545.1099853515625,547.969970703125,536.7000122070312,536.7000122070312,125986000
2025-04-04 00:00:00-04:00,523.6699829101562,525.8699951171875,505.05999755859375,505.2799987792969,217965100
2025-04-07 00:00:00-04:00,489.19000244140625,523.1699829101562,481.79998779296875,504.3800048828125,256611400
2025-04-08 00:00:00-04:00,521.8599853515625,524.97998046875,489.1600036621094,496.4800109863281,165816600
2025-04-09 00:00:00-04:00,493.44000244140625,548.6199951171875,493.04998779296875,548.6199951171875,241867300
2025-04-10 00:00:00-04:00,532.1699829101562,533.5,509.32000732421875,524.5800170898438,162331200
2025-04-11 00:00:00-04:00,523.010009765625,536.4299926757812,520.0700073242188,533.9400024414062,97866300
2025-04-14 00:00:00-04:00,544.0499877929688,544.280029296875,533.8599853515625,539.1199951171875,68034000
2025-04-15 00:00:00-04:00,539.6699829101562,543.22998046875,536.8099975585938,537.6099853515625,56892900
2025-04-16 00:00:00-04:00,531.6799926757812,537.8900146484375,520.2899780273438,525.6599731445312,83484800
2025-04-17 00:00:00-04:00,527.6400146484375,531.1699829101562,523.9099731445312,526.4099731445312,79868100
2025-04-21 00:00:00-04:00,521.1599731445312,521.7000122070312,508.4599914550781,513.8800048828125,69368100
2025-04-22 00:00:00-04:00,520.1400146484375,529.2999877929688,519.1900024414062,527.25,75948100
2025-04-23 00:00:00-04:00,540.4299926757812,545.4299926757812,533.8800048828125,535.4199829101562,90590700
2025-04-24 00:00:00-04:00,536.719970703125,547.4299926757812,535.4500122070312,546.6900024414062,64150400
2025-04-25 00:00:00-04:00,546.6500244140625,551.0499877929688,543.6900024414062,550.6400146484375,61119600
2025-04-28 00:00:00-04:00,551.3900146484375,553.5499877929688,545.02001953125,550.8499755859375,47613800
2025-04-29 00:00:00-04:00,548.9099731445312,555.4500122070312,548.5499877929688,554.3200073242188,47775100
2025-04-30 00:00:00-04:00,547.5700073242188,556.52001953125,541.52001953125,554.5399780273438,93101500
2025-05-01 00:00:00-04:00,560.3699951171875,564.0700073242188,557.8599853515625,558.469970703125,63186100
2025-05-02 00:00:00-04:00,564.72998046875,568.3800048828125,562.3800048828125,566.760009765625,60717300
2025-05-05 00:00:00-04:00,562.5700073242188,566.6500244140625,561.7000122070312,563.510009765625,38659200
2025-05-06 00:00:00-04:00,557.9299926757812,563.3499755859375,556.9600219726562,558.7999877929688,48264700
2025-05-07 00:00:00-04:00,560.1500244140625,563.8200073242188,556.0399780273438,561.1500244140625,55588000
2025-05-08 00:00:00-04:00,565.239990234375,570.3099975585938,561.7000122070312,565.0599975585938,65130800
2025-05-09 00:00:00-04:00,566.47998046875,567.5,562.760009765625,564.3400268554688,37603400
2025-05-12 00:00:00-04:00,581.469970703125,583.0,577.0399780273438,582.989990234375,78993600
2025-05-13 00:00:00-04:00,583.4099731445312,589.0800170898438,582.8400268554688,586.8400268554688,67947200
2025-05-14 00:00:00-04:00,587.8099975585938,588.97998046875,585.5399780273438,587.5900268554688,66283500
2025-05-15 00:00:00-04:00,585.5599975585938,590.969970703125,585.0999755859375,590.4600219726562,71268100
2025-05-16 00:00:00-04:00,591.25,594.5,589.280029296875,594.2000122070312,76052100
2025-05-19 00:00:00-04:00,588.0999755859375,595.5399780273438,588.0999755859375,594.8499755859375,68168500
2025-05-20 00:00:00-04:00,593.0900268554688,594.0499877929688,589.5999755859375,592.8499755859375,60614500
2025-05-21 00:00:00-04:00,588.4400024414062,592.5800170898438,581.8200073242188,582.8599853515625,95197700
2025-05-22 00:00:00-04:00,582.6599731445312,586.6199951171875,581.4099731445312,583.0900268554688,70860400
2025-05-23 00:00:00-04:00,575.97998046875,581.8099975585938,575.5999755859375,579.1099853515625,76029000
2025-05-27 00:00:00-04:00,586.0700073242188,591.3099975585938,578.4299926757812,591.1500244140625,72588500
2025-05-28 00:00:00-04:00,591.5599975585938,592.77001953125,586.989990234375,587.72998046875,68445500
2025-05-29 00:00:00-04:00,593.0599975585938,593.2000122070312,586.0700073242188,590.0499877929688,69973300
2025-05-30 00:00:00-04:00,588.9299926757812,591.1300048828125,583.239990234375,589.3900146484375,90601200
2025-06-02 00:00:00-04:00,587.760009765625,592.7899780273438,585.0599975585938,592.7100219726562,61630500
2025-06-03 00:00:00-04:00,592.3400268554688,597.0800170898438,591.8499755859375,596.0900268554688,63606200
2025-06-04 00:00:00-04:00,596.9600219726562,597.9500122070312,595.489990234375,595.9299926757812,57314200
2025-06-05 00:00:00-04:00,597.6300048828125,599.0,591.0499877929688,593.0499877929688,92278700
2025-06-06 00:00:00-04:00,598.6599731445312,600.8300170898438,596.8599853515625,599.1400146484375,66588700
2025-06-09 00:00:00-04:00,599.719970703125,601.25,598.489990234375,599.6799926757812,53016400
2025-06-10 00:00:00-04:00,600.219970703125,603.469970703125,599.0900268554688,603.0800170898438,66247000
2025-06-11 00:00:00-04:00,604.1900024414062,605.0599975585938,599.27001953125,601.3599853515625,73658200
2025-06-12 00:00:00-04:00,600.010009765625,603.75,599.52001953125,603.75,64129000
2025-06-13 00:00:00-04:00,598.5,601.8499755859375,595.47998046875,597.0,89506000
2025-06-16 00:00:00-04:00,600.4000244140625,604.4500122070312,600.219970703125,602.6799926757812,79984100
2025-06-17 00:00:00-04:00,600.2100219726562,601.75,596.760009765625,597.530029296875,82209400
2025-06-18 00:00:00-04:00,598.4400024414062,601.219970703125,596.469970703125,597.4400024414062,76605000
2025-06-20 00:00:00-04:00,598.3800048828125,599.4600219726562,592.8599853515625,594.280029296875,94051400
2025-06-23 00:00:00-04:00,595.0399780273438,600.5399780273438,591.8900146484375,600.1500244140625,87426000
2025-06-24 00:00:00-04:00,604.3300170898438,607.8499755859375,603.4099731445312,606.780029296875,67735300
2025-06-25 00:00:00-04:00,607.9099731445312,608.6099853515625,605.5399780273438,607.1199951171875,62114800
2025-06-26 00:00:00-04:00,608.989990234375,612.3099975585938,608.3699951171875,611.8699951171875,78548400
2025-06-27 00:00:00-04:00,612.8800048828125,616.3900146484375,610.8300170898438,614.9099731445312,86258400
2025-06-30 00:00:00-04:00,617.3800048828125,619.219970703125,615.0399780273438,617.8499755859375,92502500
2025-07-01 00:00:00-04:00,616.3599853515625,618.8300170898438,615.52001953125,617.6500244140625,70030100
2025-07-02 00:00:00-04:00,617.239990234375,620.489990234375,616.6099853515625,620.4500122070312,66510400
2025-07-03 00:00:00-04:00,622.4500122070312,626.280029296875,622.4299926757812,625.3400268554688,51065800
2025-07-07 00:00:00-04:00,623.3599853515625,624.030029296875,617.8699951171875,620.6799926757812,74814500
2025-07-08 00:00:00-04:00,621.3499755859375,622.1099853515625,619.52001953125,620.3400268554688,59024600
2025-07-09 00:00:00-04:00,622.77001953125,624.719970703125,620.9099731445312,624.0599975585938,66113300
2025-07-10 00:00:00-04:00,624.2000122070312,626.8699951171875,623.010009765625,625.8200073242188,57529000
2025-07-11 00:00:00-04:00,622.739990234375,624.8599853515625,621.530029296875,623.6199951171875,63670200
2025-07-14 00:00:00-04:00,623.1599731445312,625.1599731445312,621.7999877929688,624.8099975585938,51898500
2025-07-15 00:00:00-04:00,627.52001953125,627.8599853515625,622.0599975585938,622.1400146484375,74317300
2025-07-16 00:00:00-04:00,623.739990234375,624.72998046875,618.0499877929688,624.219970703125,88987500
2025-07-17 00:00:00-04:00,624.4000244140625,628.4000244140625,624.1799926757812,628.0399780273438,68885700
2025-07-18 00:00:00-04:00,629.2999877929688,629.469970703125,626.4600219726562,627.5800170898438,65621600
2025-07-21 00:00:00-04:00,628.77001953125,631.5399780273438,628.3400268554688,628.77001953125,63375000
2025-07-22 00:00:00-04:00,629.0999755859375,629.72998046875,626.1900024414062,628.8599853515625,60046300
2025-07-23 00:00:00-04:00,631.5499877929688,634.2100219726562,629.72998046875,634.2100219726562,70511000
2025-07-24 00:00:00-04:00,634.5999755859375,636.1500244140625,633.989990234375,634.4199829101562,71307100
2025-07-25 00:00:00-04:00,635.0900268554688,637.5800170898438,634.8400268554688,637.0999755859375,56865400
2025-07-28 00:00:00-04:00,637.47998046875,638.0399780273438,635.5399780273438,636.9400024414062,54917100
2025-07-29 00:00:00-04:00,638.3499755859375,638.6699829101562,634.3400268554688,635.260009765625,60514000
2025-07-30 00:00:00-04:00,635.9199829101562,636.8200073242188,635.0,635.6300048828125,16044342
