Date,Open,High,Low,Close,Adj Close,Volume,Dividends,Stock Splits,Capital Gains
2023-07-31 00:00:00-04:00,457.4100036621094,458.1600036621094,456.04998779296875,457.7900085449219,445.9210205078125,62040400,0.0,0.0,0.0
2023-08-01 00:00:00-04:00,456.2699890136719,457.25,455.489990234375,456.4800109863281,444.6449890136719,55291500,0.0,0.0,0.0
2023-08-02 00:00:00-04:00,453.25,453.5199890136719,449.3500061035156,450.1300048828125,438.4596252441406,93933400,0.0,0.0,0.0
2023-08-03 00:00:00-04:00,448.0400085449219,450.7900085449219,447.3699951171875,448.8399963378906,437.2030944824219,64276100,0.0,0.0,0.0
2023-08-04 00:00:00-04:00,450.7200012207031,452.8999938964844,446.2699890136719,446.80999755859375,435.2256774902344,100128900,0.0,0.0,0.0
2023-08-07 00:00:00-04:00,448.7099914550781,450.8699951171875,447.989990234375,450.7099914550781,439.02459716796875,58357500,0.0,0.0,0.0
2023-08-08 00:00:00-04:00,448.0799865722656,450.70001220703125,445.2699890136719,448.75,437.11541748046875,71361300,0.0,0.0,0.0
2023-08-09 00:00:00-04:00,449.0299987792969,449.20001220703125,444.9599914550781,445.75,434.1932067871094,78789600,0.0,0.0,0.0
2023-08-10 00:00:00-04:00,448.19000244140625,451.70001220703125,444.70001220703125,445.9100036621094,434.34906005859375,93005500,0.0,0.0,0.0
2023-08-11 00:00:00-04:00,443.9700012207031,446.70001220703125,443.3500061035156,445.6499938964844,434.0957336425781,68690900,0.0,0.0,0.0
2023-08-14 00:00:00-04:00,444.70001220703125,448.1099853515625,444.3800048828125,448.1099853515625,436.49200439453125,47867400,0.0,0.0,0.0
2023-08-15 00:00:00-04:00,446.2699890136719,446.6400146484375,442.29998779296875,442.8900146484375,431.4073486328125,75707500,0.0,0.0,0.0
2023-08-16 00:00:00-04:00,442.4599914550781,444.17999267578125,439.5299987792969,439.6400146484375,428.2415771484375,80107200,0.0,0.0,0.0
2023-08-17 00:00:00-04:00,441.1600036621094,441.42999267578125,435.75,436.2900085449219,424.97845458984375,95711300,0.0,0.0,0.0
2023-08-18 00:00:00-04:00,433.3699951171875,437.57000732421875,433.010009765625,436.5,425.1829528808594,98852000,0.0,0.0,0.0
2023-08-21 00:00:00-04:00,437.54998779296875,440.1099853515625,435.32000732421875,439.3399963378906,427.94940185546875,68719000,0.0,0.0,0.0
2023-08-22 00:00:00-04:00,441.17999267578125,441.17999267578125,437.57000732421875,438.1499938964844,426.7902526855469,64994200,0.0,0.0,0.0
2023-08-23 00:00:00-04:00,439.25,443.6700134277344,439.1000061035156,443.0299987792969,431.543701171875,68441000,0.0,0.0,0.0
2023-08-24 00:00:00-04:00,444.69000244140625,445.2200012207031,436.8599853515625,436.8900146484375,425.56292724609375,88517300,0.0,0.0,0.0
2023-08-25 00:00:00-04:00,438.67999267578125,441.29998779296875,435.0,439.9700012207031,428.5630187988281,102325100,0.0,0.0,0.0
2023-08-28 00:00:00-04:00,442.239990234375,443.3999938964844,439.9700012207031,442.760009765625,431.2807312011719,61595400,0.0,0.0,0.0
2023-08-29 00:00:00-04:00,442.6499938964844,449.45001220703125,442.4599914550781,449.1600036621094,437.5147705078125,83081900,0.0,0.0,0.0
2023-08-30 00:00:00-04:00,449.510009765625,451.6700134277344,448.7799987792969,451.010009765625,439.3168640136719,69053900,0.0,0.0,0.0
2023-08-31 00:00:00-04:00,451.6499938964844,452.8299865722656,450.1600036621094,450.3500061035156,438.6739501953125,66084600,0.0,0.0,0.0
2023-09-01 00:00:00-04:00,453.1700134277344,453.6700134277344,449.67999267578125,451.19000244140625,439.4921875,58944100,0.0,0.0,0.0
2023-09-05 00:00:00-04:00,450.7300109863281,451.05999755859375,449.1700134277344,449.239990234375,437.59271240234375,55166200,0.0,0.0,0.0
2023-09-06 00:00:00-04:00,448.3999938964844,448.510009765625,443.80999755859375,446.2200012207031,434.6510009765625,70758500,0.0,0.0,0.0
2023-09-07 00:00:00-04:00,443.1099853515625,445.54998779296875,442.75,444.8500061035156,433.3165283203125,70355400,0.0,0.0,0.0
2023-09-08 00:00:00-04:00,444.8999938964844,447.1099853515625,444.5299987792969,445.5199890136719,433.9691162109375,61659700,0.0,0.0,0.0
2023-09-11 00:00:00-04:00,448.239990234375,448.7699890136719,446.4700012207031,448.45001220703125,436.8232116699219,60180100,0.0,0.0,0.0
2023-09-12 00:00:00-04:00,446.95001220703125,448.5299987792969,445.3900146484375,445.989990234375,434.42694091796875,67565400,0.0,0.0,0.0
2023-09-13 00:00:00-04:00,446.2200012207031,447.7099914550781,445.0799865722656,446.510009765625,434.9335021972656,60199300,0.0,0.0,0.0
2023-09-14 00:00:00-04:00,449.07000732421875,451.0799865722656,447.7200012207031,450.3599853515625,438.68365478515625,83430800,0.0,0.0,0.0
2023-09-15 00:00:00-04:00,447.1400146484375,447.4800109863281,442.9200134277344,443.3699951171875,433.3982849121094,111848900,1.583,0.0,0.0
2023-09-18 00:00:00-04:00,443.04998779296875,444.9700012207031,442.55999755859375,443.6300048828125,433.6524353027344,55752200,0.0,0.0,0.0
2023-09-19 00:00:00-04:00,442.67999267578125,443.2900085449219,439.94000244140625,442.7099914550781,432.75311279296875,66514600,0.0,0.0,0.0
2023-09-20 00:00:00-04:00,444.010009765625,444.44000244140625,438.42999267578125,438.6400146484375,428.7746276855469,82562600,0.0,0.0,0.0
2023-09-21 00:00:00-04:00,435.70001220703125,435.9700012207031,431.2300109863281,431.3900146484375,421.687744140625,104095800,0.0,0.0,0.0
2023-09-22 00:00:00-04:00,432.45001220703125,434.1000061035156,429.989990234375,430.4200134277344,420.7395324707031,100829700,0.0,0.0,0.0
2023-09-25 00:00:00-04:00,429.1700134277344,432.2699890136719,428.7200012207031,432.2300109863281,422.5088195800781,70874500,0.0,0.0,0.0
2023-09-26 00:00:00-04:00,429.0899963378906,429.82000732421875,425.0199890136719,425.8800048828125,416.3016357421875,96168400,0.0,0.0,0.0
2023-09-27 00:00:00-04:00,427.0899963378906,427.6700134277344,422.2900085449219,426.04998779296875,416.4677734375,104705800,0.0,0.0,0.0
2023-09-28 00:00:00-04:00,425.4800109863281,430.25,424.8699951171875,428.5199890136719,418.8822021484375,92258300,0.0,0.0,0.0
2023-09-29 00:00:00-04:00,431.6700134277344,431.8500061035156,425.9100036621094,427.4800109863281,417.8656311035156,115111300,0.0,0.0,0.0
2023-10-02 00:00:00-04:00,426.6199951171875,428.6000061035156,424.4599914550781,427.30999755859375,417.6994934082031,83798600,0.0,0.0,0.0
2023-10-03 00:00:00-04:00,425.05999755859375,427.3699951171875,420.17999267578125,421.5899963378906,412.10809326171875,103760600,0.0,0.0,0.0
2023-10-04 00:00:00-04:00,422.07000732421875,425.42999267578125,420.55999755859375,424.6600036621094,415.1091003417969,87453000,0.0,0.0,0.0
2023-10-05 00:00:00-04:00,424.3599853515625,425.3699951171875,421.1700134277344,424.5,414.9526672363281,70142700,0.0,0.0,0.0
2023-10-06 00:00:00-04:00,421.9700012207031,431.1300048828125,420.6000061035156,429.5400085449219,419.8792724609375,113273300,0.0,0.0,0.0
2023-10-09 00:00:00-04:00,427.5799865722656,432.8800048828125,427.010009765625,432.2900085449219,422.5674743652344,80374400,0.0,0.0,0.0
2023-10-10 00:00:00-04:00,432.94000244140625,437.2200012207031,432.5299987792969,434.5400085449219,424.7669372558594,78607300,0.0,0.0,0.0
2023-10-11 00:00:00-04:00,435.6400146484375,436.5799865722656,433.17999267578125,436.32000732421875,426.5068664550781,62451700,0.0,0.0,0.0
2023-10-12 00:00:00-04:00,436.95001220703125,437.3399963378906,431.2300109863281,433.6600036621094,423.90667724609375,81154200,0.0,0.0,0.0
2023-10-13 00:00:00-04:00,435.2099914550781,436.45001220703125,429.8800048828125,431.5,421.7952575683594,95143100,0.0,0.0,0.0
2023-10-16 00:00:00-04:00,433.82000732421875,437.1400146484375,433.57000732421875,436.0400085449219,426.233154296875,75433200,0.0,0.0,0.0
2023-10-17 00:00:00-04:00,432.80999755859375,438.1400146484375,432.45001220703125,436.0199890136719,426.21356201171875,75324700,0.0,0.0,0.0
2023-10-18 00:00:00-04:00,434.19000244140625,435.17999267578125,429.0899963378906,430.2099914550781,420.5342712402344,93559800,0.0,0.0,0.0
2023-10-19 00:00:00-04:00,430.95001220703125,432.82000732421875,425.7300109863281,426.42999267578125,416.8392639160156,121323000,0.0,0.0,0.0
2023-10-20 00:00:00-04:00,425.9800109863281,426.5400085449219,421.0799865722656,421.19000244140625,411.7171325683594,123919900,0.0,0.0,0.0
2023-10-23 00:00:00-04:00,419.6099853515625,424.45001220703125,417.79998779296875,420.4599914550781,411.00347900390625,92035100,0.0,0.0,0.0
2023-10-24 00:00:00-04:00,422.6499938964844,424.82000732421875,420.739990234375,423.6300048828125,414.10223388671875,78564200,0.0,0.0,0.0
2023-10-25 00:00:00-04:00,421.8900146484375,421.9200134277344,417.0199890136719,417.54998779296875,408.158935546875,94223200,0.0,0.0,0.0
2023-10-26 00:00:00-04:00,416.45001220703125,417.3299865722656,411.6000061035156,412.54998779296875,403.2713928222656,115156800,0.0,0.0,0.0
2023-10-27 00:00:00-04:00,414.19000244140625,414.6000061035156,409.2099914550781,410.67999267578125,401.4434814453125,107367700,0.0,0.0,0.0
2023-10-30 00:00:00-04:00,413.55999755859375,416.67999267578125,412.2200012207031,415.5899963378906,406.2430725097656,86562700,0.0,0.0,0.0
2023-10-31 00:00:00-04:00,416.17999267578125,418.5299987792969,414.2099914550781,418.20001220703125,408.79437255859375,79665200,0.0,0.0,0.0
2023-11-01 00:00:00-04:00,419.20001220703125,423.5,418.6499938964844,422.6600036621094,413.154052734375,98068100,0.0,0.0,0.0
2023-11-02 00:00:00-04:00,426.5799865722656,430.9200134277344,426.55999755859375,430.760009765625,421.0719299316406,94938900,0.0,0.0,0.0
2023-11-03 00:00:00-04:00,433.1400146484375,436.2900085449219,433.010009765625,434.69000244140625,424.9134826660156,100167800,0.0,0.0,0.0
2023-11-06 00:00:00-05:00,435.4700012207031,436.1499938964844,433.67999267578125,435.69000244140625,425.8909606933594,67831700,0.0,0.0,0.0
2023-11-07 00:00:00-05:00,435.69000244140625,437.5899963378906,434.510009765625,436.92999267578125,427.10308837890625,64256100,0.0,0.0,0.0
2023-11-08 00:00:00-05:00,437.54998779296875,438.0899963378906,434.8699951171875,437.25,427.4158935546875,61746000,0.0,0.0,0.0
2023-11-09 00:00:00-05:00,438.42999267578125,438.4700012207031,433.3999938964844,433.8399963378906,424.0826110839844,83174400,0.0,0.0,0.0
2023-11-10 00:00:00-05:00,435.9800109863281,440.92999267578125,433.8299865722656,440.6099853515625,430.7002868652344,89462200,0.0,0.0,0.0
2023-11-13 00:00:00-05:00,439.2300109863281,441.3299865722656,438.4200134277344,440.19000244140625,430.289794921875,52236100,0.0,0.0,0.0
2023-11-14 00:00:00-05:00,446.32000732421875,450.05999755859375,446.0899963378906,448.7300109863281,438.6377258300781,97176900,0.0,0.0,0.0
2023-11-15 00:00:00-05:00,450.1099853515625,451.3800048828125,448.79998779296875,449.67999267578125,439.5663146972656,77327600,0.0,0.0,0.0
2023-11-16 00:00:00-05:00,449.2200012207031,450.55999755859375,448.1199951171875,450.2300109863281,440.10400390625,66665800,0.0,0.0,0.0
2023-11-17 00:00:00-05:00,450.239990234375,451.4200134277344,449.2900085449219,450.7900085449219,440.6513671875,83133200,0.0,0.0,0.0
2023-11-20 00:00:00-05:00,450.5299987792969,455.1300048828125,450.5199890136719,454.260009765625,444.0433654785156,69936200,0.0,0.0,0.0
2023-11-21 00:00:00-05:00,453.17999267578125,454.1300048828125,451.9599914550781,453.2699890136719,443.0755920410156,49244600,0.0,0.0,0.0
2023-11-22 00:00:00-05:00,454.9800109863281,456.3800048828125,453.8900146484375,455.0199890136719,444.7862548828125,59394900,0.0,0.0,0.0
2023-11-24 00:00:00-05:00,455.07000732421875,455.5,454.7300109863281,455.29998779296875,445.0599670410156,29737400,0.0,0.0,0.0
2023-11-27 00:00:00-05:00,454.6499938964844,455.489990234375,454.0799865722656,454.4800109863281,444.2584228515625,50506000,0.0,0.0,0.0
2023-11-28 00:00:00-05:00,454.0799865722656,456.2699890136719,453.5,454.92999267578125,444.6982727050781,62115000,0.0,0.0,0.0
2023-11-29 00:00:00-05:00,457.1499938964844,458.32000732421875,454.20001220703125,454.6099853515625,444.38543701171875,63146000,0.0,0.0,0.0
2023-11-30 00:00:00-05:00,455.4800109863281,456.760009765625,453.3399963378906,456.3999938964844,446.13519287109375,79752700,0.0,0.0,0.0
2023-12-01 00:00:00-05:00,455.7699890136719,459.6499938964844,455.1600036621094,459.1000061035156,448.7744140625,89183400,0.0,0.0,0.0
2023-12-04 00:00:00-05:00,455.6000061035156,459.1199951171875,454.3399963378906,456.69000244140625,446.4186706542969,72430900,0.0,0.0,0.0
2023-12-05 00:00:00-05:00,455.260009765625,457.5899963378906,454.8699951171875,456.6000061035156,446.33074951171875,69793500,0.0,0.0,0.0
2023-12-06 00:00:00-05:00,458.80999755859375,458.8399963378906,454.30999755859375,454.760009765625,444.5321350097656,69124700,0.0,0.0,0.0
2023-12-07 00:00:00-05:00,456.9100036621094,458.8999938964844,456.2900085449219,458.2300109863281,447.9240417480469,66995400,0.0,0.0,0.0
2023-12-08 00:00:00-05:00,457.4599914550781,460.75,457.2099914550781,460.20001220703125,449.8497314453125,83194400,0.0,0.0,0.0
2023-12-11 00:00:00-05:00,459.69000244140625,462.1700134277344,459.4700012207031,461.989990234375,451.5995178222656,65002200,0.0,0.0,0.0
2023-12-12 00:00:00-05:00,461.6300048828125,464.20001220703125,460.6000061035156,464.1000061035156,453.6620788574219,68327600,0.0,0.0,0.0
2023-12-13 00:00:00-05:00,464.489990234375,470.760009765625,464.1199951171875,470.5,459.9181213378906,93278000,0.0,0.0,0.0
2023-12-14 00:00:00-05:00,472.5,473.7300109863281,469.25,472.010009765625,461.3941345214844,119026000,0.0,0.0,0.0
2023-12-15 00:00:00-05:00,469.489990234375,470.70001220703125,467.42999267578125,469.3299865722656,460.6344299316406,141553700,1.906,0.0,0.0
2023-12-18 00:00:00-05:00,470.9800109863281,472.9800109863281,469.8900146484375,471.9700012207031,463.22552490234375,70375300,0.0,0.0,0.0
2023-12-19 00:00:00-05:00,472.5299987792969,474.9200134277344,472.45001220703125,474.8399963378906,466.0423583984375,55761800,0.0,0.0,0.0
2023-12-20 00:00:00-05:00,473.9599914550781,475.8999938964844,467.82000732421875,468.260009765625,459.5843200683594,102921000,0.0,0.0,0.0
2023-12-21 00:00:00-05:00,471.3299865722656,472.9800109863281,468.8399963378906,472.70001220703125,463.94207763671875,86667500,0.0,0.0,0.0
2023-12-22 00:00:00-05:00,473.8599853515625,475.3800048828125,471.70001220703125,473.6499938964844,464.8744201660156,67160400,0.0,0.0,0.0
2023-12-26 00:00:00-05:00,474.07000732421875,476.5799865722656,473.989990234375,475.6499938964844,466.8373718261719,55387000,0.0,0.0,0.0
2023-12-27 00:00:00-05:00,475.44000244140625,476.6600036621094,474.8900146484375,476.510009765625,467.68145751953125,68000300,0.0,0.0,0.0
2023-12-28 00:00:00-05:00,476.8800048828125,477.54998779296875,476.260009765625,476.69000244140625,467.8580627441406,77158100,0.0,0.0,0.0
2023-12-29 00:00:00-05:00,476.489990234375,477.0299987792969,473.29998779296875,475.30999755859375,466.5036926269531,122283100,0.0,0.0,0.0
2024-01-02 00:00:00-05:00,472.1600036621094,473.6700134277344,470.489990234375,472.6499938964844,463.8929748535156,123623700,0.0,0.0,0.0
2024-01-03 00:00:00-05:00,470.42999267578125,471.19000244140625,468.1700134277344,468.7900085449219,460.1044616699219,103585900,0.0,0.0,0.0
2024-01-04 00:00:00-05:00,468.29998779296875,470.9599914550781,467.04998779296875,467.2799987792969,458.6224365234375,84232200,0.0,0.0,0.0
2024-01-05 00:00:00-05:00,467.489990234375,470.44000244140625,466.42999267578125,467.9200134277344,459.2506103515625,86118900,0.0,0.0,0.0
2024-01-08 00:00:00-05:00,468.42999267578125,474.75,468.29998779296875,474.6000061035156,465.8067932128906,74879100,0.0,0.0,0.0
2024-01-09 00:00:00-05:00,471.8699951171875,474.92999267578125,471.3500061035156,473.8800048828125,465.1002197265625,65931400,0.0,0.0,0.0
2024-01-10 00:00:00-05:00,474.1600036621094,477.45001220703125,473.8699951171875,476.55999755859375,467.7304992675781,67310600,0.0,0.0,0.0
2024-01-11 00:00:00-05:00,477.5899963378906,478.1199951171875,472.260009765625,476.3500061035156,467.5243835449219,77940700,0.0,0.0,0.0
2024-01-12 00:00:00-05:00,477.8399963378906,478.6000061035156,475.2300109863281,476.67999267578125,467.8482360839844,58026400,0.0,0.0,0.0
2024-01-16 00:00:00-05:00,475.260009765625,476.6099853515625,473.05999755859375,474.92999267578125,466.13067626953125,85014900,0.0,0.0,0.0
2024-01-17 00:00:00-05:00,471.82000732421875,472.7900085449219,469.8699951171875,472.2900085449219,463.53961181640625,68843900,0.0,0.0,0.0
2024-01-18 00:00:00-05:00,474.010009765625,477.05999755859375,472.4200134277344,476.489990234375,467.66180419921875,91856200,0.0,0.0,0.0
2024-01-19 00:00:00-05:00,477.6499938964844,482.7200012207031,476.5400085449219,482.42999267578125,473.4917297363281,110834500,0.0,0.0,0.0
2024-01-22 00:00:00-05:00,484.010009765625,485.2200012207031,482.7799987792969,483.45001220703125,474.4928894042969,75844900,0.0,0.0,0.0
2024-01-23 00:00:00-05:00,484.010009765625,485.1099853515625,482.8900146484375,484.8599853515625,475.876708984375,49945300,0.0,0.0,0.0
2024-01-24 00:00:00-05:00,487.80999755859375,488.7699890136719,484.8800048828125,485.3900146484375,476.3969421386719,81765000,0.0,0.0,0.0
2024-01-25 00:00:00-05:00,487.5799865722656,488.30999755859375,485.3900146484375,488.0299987792969,478.9880065917969,72525000,0.0,0.0,0.0
2024-01-26 00:00:00-05:00,487.5899963378906,489.1199951171875,486.5400085449219,487.4100036621094,478.3794860839844,76641600,0.0,0.0,0.0
2024-01-29 00:00:00-05:00,487.7300109863281,491.4200134277344,487.1700134277344,491.2699890136719,482.16796875,61322800,0.0,0.0,0.0
2024-01-30 00:00:00-05:00,490.55999755859375,491.6199951171875,490.1099853515625,490.8900146484375,481.7950134277344,58618400,0.0,0.0,0.0
2024-01-31 00:00:00-05:00,488.6199951171875,489.0799865722656,482.8599853515625,482.8800048828125,473.93341064453125,126011100,0.0,0.0,0.0
2024-02-01 00:00:00-05:00,484.6300048828125,489.2300109863281,483.79998779296875,489.20001220703125,480.1363220214844,91891600,0.0,0.0,0.0
2024-02-02 00:00:00-05:00,489.6499938964844,496.04998779296875,489.29998779296875,494.3500061035156,485.1909484863281,99228200,0.0,0.0,0.0
2024-02-05 00:00:00-05:00,493.70001220703125,494.3800048828125,490.2300109863281,492.54998779296875,483.42425537109375,75757100,0.0,0.0,0.0
2024-02-06 00:00:00-05:00,493.5199890136719,494.32000732421875,492.04998779296875,493.9800109863281,484.8277587890625,55918600,0.0,0.0,0.0
2024-02-07 00:00:00-05:00,496.2900085449219,498.5299987792969,495.3599853515625,498.1000061035156,488.8714599609375,70556500,0.0,0.0,0.0
2024-02-08 00:00:00-05:00,498.1000061035156,498.7099914550781,497.260009765625,498.32000732421875,489.0873718261719,52343600,0.0,0.0,0.0
2024-02-09 00:00:00-05:00,498.8399963378906,501.6499938964844,498.489990234375,501.20001220703125,491.91400146484375,63979400,0.0,0.0,0.0
2024-02-12 00:00:00-05:00,501.1700134277344,503.5,500.239990234375,500.9800109863281,491.69805908203125,56502300,0.0,0.0,0.0
2024-02-13 00:00:00-05:00,494.5299987792969,497.0899963378906,490.7200012207031,494.0799865722656,484.9259033203125,113099200,0.0,0.0,0.0
2024-02-14 00:00:00-05:00,496.7900085449219,499.07000732421875,494.3999938964844,498.57000732421875,489.33270263671875,68387800,0.0,0.0,0.0
2024-02-15 00:00:00-05:00,499.2900085449219,502.20001220703125,498.79998779296875,502.010009765625,492.708984375,61683000,0.0,0.0,0.0
2024-02-16 00:00:00-05:00,501.70001220703125,502.8699951171875,498.75,499.510009765625,490.25531005859375,75532900,0.0,0.0,0.0
2024-02-20 00:00:00-05:00,497.7200012207031,498.4100036621094,494.45001220703125,496.760009765625,487.5562438964844,71736700,0.0,0.0,0.0
2024-02-21 00:00:00-05:00,495.4200134277344,497.3699951171875,493.55999755859375,497.2099914550781,487.9979248046875,59293400,0.0,0.0,0.0
2024-02-22 00:00:00-05:00,504.010009765625,508.489990234375,503.0199890136719,507.5,498.0972900390625,76402500,0.0,0.0,0.0
2024-02-23 00:00:00-05:00,509.2699890136719,510.1300048828125,507.1000061035156,507.8500061035156,498.4407958984375,61321800,0.0,0.0,0.0
2024-02-26 00:00:00-05:00,508.29998779296875,508.75,505.8599853515625,505.989990234375,496.615234375,50386700,0.0,0.0,0.0
2024-02-27 00:00:00-05:00,506.70001220703125,507.1600036621094,504.75,506.92999267578125,497.537841796875,48854500,0.0,0.0,0.0
2024-02-28 00:00:00-05:00,505.3299865722656,506.8599853515625,504.9599914550781,506.260009765625,496.8802185058594,56506600,0.0,0.0,0.0
2024-02-29 00:00:00-05:00,508.07000732421875,509.739990234375,505.3500061035156,508.0799865722656,498.6665344238281,83924800,0.0,0.0,0.0
2024-03-01 00:00:00-05:00,508.9800109863281,513.2899780273438,508.55999755859375,512.8499755859375,503.34814453125,76844800,0.0,0.0,0.0
2024-03-04 00:00:00-05:00,512.030029296875,514.2000122070312,512.0,512.2999877929688,502.80828857421875,49799300,0.0,0.0,0.0
2024-03-05 00:00:00-05:00,510.239990234375,510.70001220703125,504.9100036621094,507.17999267578125,497.783203125,72855600,0.0,0.0,0.0
2024-03-06 00:00:00-05:00,510.54998779296875,512.0700073242188,508.4200134277344,509.75,500.3055725097656,68382400,0.0,0.0,0.0
2024-03-07 00:00:00-05:00,513.1400146484375,515.8900146484375,509.80999755859375,514.8099975585938,505.27178955078125,58652100,0.0,0.0,0.0
2024-03-08 00:00:00-05:00,515.4600219726562,518.219970703125,511.1300048828125,511.7200012207031,502.23907470703125,86532500,0.0,0.0,0.0
2024-03-11 00:00:00-04:00,510.4800109863281,511.8800048828125,508.5,511.2799987792969,501.8072204589844,62557200,0.0,0.0,0.0
2024-03-12 00:00:00-04:00,513.4500122070312,517.3800048828125,510.8599853515625,516.780029296875,507.205322265625,73114400,0.0,0.0,0.0
2024-03-13 00:00:00-04:00,517.1099853515625,517.2899780273438,514.489990234375,515.969970703125,506.4103088378906,55104100,0.0,0.0,0.0
2024-03-14 00:00:00-04:00,516.969970703125,517.1300048828125,511.82000732421875,514.9500122070312,505.4093017578125,110171800,0.0,0.0,0.0
2024-03-15 00:00:00-04:00,510.2099914550781,511.70001220703125,508.1199951171875,509.8299865722656,501.9388427734375,107646300,1.595,0.0,0.0
2024-03-18 00:00:00-04:00,514.0,515.47998046875,512.4400024414062,512.8599853515625,504.9219055175781,88893300,0.0,0.0,0.0
2024-03-19 00:00:00-04:00,512.1500244140625,516.0,511.1199951171875,515.7100219726562,507.72784423828125,60755300,0.0,0.0,0.0
2024-03-20 00:00:00-04:00,515.77001953125,520.6199951171875,515.0800170898438,520.47998046875,512.4239501953125,69594600,0.0,0.0,0.0
2024-03-21 00:00:00-04:00,523.3900146484375,524.1099853515625,521.9099731445312,522.2000122070312,514.117431640625,60256100,0.0,0.0,0.0
2024-03-22 00:00:00-04:00,522.1099853515625,522.6099853515625,520.969970703125,521.2100219726562,513.1426391601562,79070800,0.0,0.0,0.0
2024-03-25 00:00:00-04:00,519.7999877929688,520.9500122070312,519.6099853515625,519.77001953125,511.7249755859375,48512100,0.0,0.0,0.0
2024-03-26 00:00:00-04:00,521.22998046875,521.5800170898438,518.4000244140625,518.8099975585938,510.77978515625,65463700,0.0,0.0,0.0
2024-03-27 00:00:00-04:00,521.7100219726562,523.2100219726562,519.489990234375,523.1699829101562,515.0723266601562,82999800,0.0,0.0,0.0
2024-03-28 00:00:00-04:00,523.2100219726562,524.6099853515625,522.780029296875,523.0700073242188,514.9738159179688,96294900,0.0,0.0,0.0
2024-04-01 00:00:00-04:00,523.8300170898438,524.3800048828125,520.969970703125,522.1599731445312,514.0780029296875,62477500,0.0,0.0,0.0
2024-04-02 00:00:00-04:00,518.239990234375,518.97998046875,516.47998046875,518.8400268554688,510.8094177246094,74230300,0.0,0.0,0.0
2024-04-03 00:00:00-04:00,517.719970703125,520.9500122070312,517.6699829101562,519.4099731445312,511.3705139160156,59155800,0.0,0.0,0.0
2024-04-04 00:00:00-04:00,523.52001953125,523.8699951171875,512.760009765625,513.0700073242188,505.128662109375,96858100,0.0,0.0,0.0
2024-04-05 00:00:00-04:00,514.4600219726562,520.4400024414062,514.010009765625,518.4299926757812,510.4056701660156,74546500,0.0,0.0,0.0
2024-04-08 00:00:00-04:00,519.1500244140625,520.1799926757812,517.8900146484375,518.719970703125,510.6911315917969,48401800,0.0,0.0,0.0
2024-04-09 00:00:00-04:00,520.5,520.75,514.3499755859375,519.3200073242188,511.2818298339844,68049200,0.0,0.0,0.0
2024-04-10 00:00:00-04:00,513.47998046875,516.1599731445312,512.0900268554688,514.1199951171875,506.16241455078125,82652800,0.0,0.0,0.0
2024-04-11 00:00:00-04:00,515.6799926757812,519.47998046875,512.0800170898438,518.0,509.9823303222656,70099000,0.0,0.0,0.0
2024-04-12 00:00:00-04:00,514.3699951171875,515.8200073242188,509.0799865722656,510.8500061035156,502.9430236816406,92561100,0.0,0.0,0.0
2024-04-15 00:00:00-04:00,515.1300048828125,515.2999877929688,503.5799865722656,504.45001220703125,496.64208984375,92101400,0.0,0.0,0.0
2024-04-16 00:00:00-04:00,504.94000244140625,506.5,502.2099914550781,503.5299987792969,495.7362976074219,73484000,0.0,0.0,0.0
2024-04-17 00:00:00-04:00,506.04998779296875,506.2200012207031,499.1199951171875,500.54998779296875,492.8023986816406,75910300,0.0,0.0,0.0
2024-04-18 00:00:00-04:00,501.9800109863281,504.1300048828125,498.55999755859375,499.5199890136719,491.78839111328125,74548100,0.0,0.0,0.0
2024-04-19 00:00:00-04:00,499.44000244140625,500.4599914550781,493.8599853515625,495.1600036621094,487.49591064453125,102212600,0.0,0.0,0.0
2024-04-22 00:00:00-04:00,497.8299865722656,502.3800048828125,495.42999267578125,499.7200012207031,491.98529052734375,67961000,0.0,0.0,0.0
2024-04-23 00:00:00-04:00,501.7799987792969,506.0899963378906,499.5299987792969,505.6499938964844,497.8235168457031,64633600,0.0,0.0,0.0
2024-04-24 00:00:00-04:00,506.55999755859375,507.3699951171875,503.1300048828125,505.4100036621094,497.5872497558594,55928100,0.0,0.0,0.0
2024-04-25 00:00:00-04:00,499.17999267578125,504.2699890136719,497.489990234375,503.489990234375,495.6968994140625,69122400,0.0,0.0,0.0
2024-04-26 00:00:00-04:00,506.3500061035156,509.8800048828125,505.70001220703125,508.260009765625,500.39312744140625,64306100,0.0,0.0,0.0
2024-04-29 00:00:00-04:00,510.0899963378906,510.75,507.25,510.05999755859375,502.1652526855469,46415400,0.0,0.0,0.0
2024-04-30 00:00:00-04:00,508.55999755859375,509.55999755859375,501.9800109863281,501.9800109863281,494.2103576660156,77483600,0.0,0.0,0.0
2024-05-01 00:00:00-04:00,501.3800048828125,508.19000244140625,499.8699951171875,500.3500061035156,492.60552978515625,80242800,0.0,0.0,0.0
2024-05-02 00:00:00-04:00,504.1499938964844,505.8900146484375,499.54998779296875,505.0299987792969,497.2131042480469,62550200,0.0,0.0,0.0
2024-05-03 00:00:00-04:00,511.1600036621094,512.5499877929688,508.55999755859375,511.2900085449219,503.3762512207031,72756700,0.0,0.0,0.0
2024-05-06 00:00:00-04:00,513.75,516.6099853515625,513.2999877929688,516.5700073242188,508.574462890625,47264700,0.0,0.0,0.0
2024-05-07 00:00:00-04:00,517.5599975585938,518.5700073242188,516.4500122070312,517.1400146484375,509.13568115234375,52561300,0.0,0.0,0.0
2024-05-08 00:00:00-04:00,515.260009765625,517.739990234375,515.1400146484375,517.1900024414062,509.18487548828125,42047200,0.0,0.0,0.0
2024-05-09 00:00:00-04:00,517.3800048828125,520.2100219726562,516.7100219726562,520.1699829101562,512.1187133789062,43643700,0.0,0.0,0.0
2024-05-10 00:00:00-04:00,521.8099975585938,522.6400146484375,519.5900268554688,520.8400268554688,512.7784423828125,52233200,0.0,0.0,0.0
2024-05-13 00:00:00-04:00,522.5599975585938,522.6699829101562,519.739990234375,520.9099731445312,512.8473510742188,36716400,0.0,0.0,0.0
2024-05-14 00:00:00-04:00,521.1099853515625,523.8300170898438,520.5599975585938,523.2999877929688,515.2003173828125,57535900,0.0,0.0,0.0
2024-05-15 00:00:00-04:00,525.8300170898438,530.0800170898438,525.1799926757812,529.780029296875,521.5800170898438,59504900,0.0,0.0,0.0
2024-05-16 00:00:00-04:00,529.8800048828125,531.52001953125,528.5399780273438,528.6900024414062,520.5068969726562,50244800,0.0,0.0,0.0
2024-05-17 00:00:00-04:00,528.8099975585938,529.52001953125,527.3200073242188,529.4500122070312,521.255126953125,59187600,0.0,0.0,0.0
2024-05-20 00:00:00-04:00,529.5700073242188,531.5599975585938,529.1699829101562,530.0599975585938,521.855712890625,37764200,0.0,0.0,0.0
2024-05-21 00:00:00-04:00,529.280029296875,531.52001953125,529.0700073242188,531.3599853515625,523.1355590820312,33437000,0.0,0.0,0.0
2024-05-22 00:00:00-04:00,530.6500244140625,531.3800048828125,527.5999755859375,529.8300170898438,521.6292724609375,48390000,0.0,0.0,0.0
2024-05-23 00:00:00-04:00,532.9600219726562,533.0700073242188,524.719970703125,525.9600219726562,517.8192138671875,57211200,0.0,0.0,0.0
2024-05-24 00:00:00-04:00,527.8499755859375,530.27001953125,526.8800048828125,529.4400024414062,521.2453002929688,41291100,0.0,0.0,0.0
2024-05-28 00:00:00-04:00,530.27001953125,530.510009765625,527.1099853515625,529.8099975585938,521.6095581054688,36269600,0.0,0.0,0.0
2024-05-29 00:00:00-04:00,525.6799926757812,527.3099975585938,525.3699951171875,526.0999755859375,517.9569702148438,45190300,0.0,0.0,0.0
2024-05-30 00:00:00-04:00,524.52001953125,525.2000122070312,521.3300170898438,522.6099853515625,514.52099609375,46377600,0.0,0.0,0.0
2024-05-31 00:00:00-04:00,523.5900268554688,527.5,518.3599853515625,527.3699951171875,519.2073364257812,90785800,0.0,0.0,0.0
2024-06-03 00:00:00-04:00,529.02001953125,529.3099975585938,522.5999755859375,527.7999877929688,519.6306762695312,46835700,0.0,0.0,0.0
2024-06-04 00:00:00-04:00,526.4600219726562,529.1500244140625,524.9600219726562,528.3900146484375,520.21142578125,34632700,0.0,0.0,0.0
2024-06-05 00:00:00-04:00,530.77001953125,534.6900024414062,528.72998046875,534.6699829101562,526.3943481445312,47610400,0.0,0.0,0.0
2024-06-06 00:00:00-04:00,534.97998046875,535.4199829101562,532.6799926757812,534.6599731445312,526.3844604492188,30808500,0.0,0.0,0.0
2024-06-07 00:00:00-04:00,533.6599731445312,536.8900146484375,532.5399780273438,534.010009765625,525.7445678710938,43224500,0.0,0.0,0.0
2024-06-10 00:00:00-04:00,533.1799926757812,535.989990234375,532.5700073242188,535.6599731445312,527.368896484375,35686100,0.0,0.0,0.0
2024-06-11 00:00:00-04:00,534.0700073242188,537.010009765625,532.0499877929688,536.9500122070312,528.6390380859375,36383400,0.0,0.0,0.0
2024-06-12 00:00:00-04:00,541.6300048828125,544.1199951171875,540.2999877929688,541.3599853515625,532.9807739257812,63251300,0.0,0.0,0.0
2024-06-13 00:00:00-04:00,543.1500244140625,543.3300170898438,539.5900268554688,542.4500122070312,534.053955078125,44760900,0.0,0.0,0.0
2024-06-14 00:00:00-04:00,540.8800048828125,542.8099975585938,539.8499755859375,542.780029296875,534.37890625,40089900,0.0,0.0,0.0
2024-06-17 00:00:00-04:00,542.0800170898438,548.530029296875,541.6099853515625,547.0999755859375,538.6318969726562,55839500,0.0,0.0,0.0
2024-06-18 00:00:00-04:00,547.1599731445312,548.6199951171875,546.72998046875,548.489990234375,540.0004272460938,41376400,0.0,0.0,0.0
2024-06-20 00:00:00-04:00,549.4400024414062,550.1199951171875,545.1799926757812,547.0,538.5335083007812,70328200,0.0,0.0,0.0
2024-06-21 00:00:00-04:00,544.4000244140625,545.6500244140625,543.02001953125,544.510009765625,537.8114624023438,64338600,1.759,0.0,0.0
2024-06-24 00:00:00-04:00,544.3300170898438,546.9500122070312,542.6199951171875,542.739990234375,536.063232421875,45528700,0.0,0.0,0.0
2024-06-25 00:00:00-04:00,543.989990234375,545.2000122070312,542.4400024414062,544.8300170898438,538.1275634765625,37936200,0.0,0.0,0.0
2024-06-26 00:00:00-04:00,543.6900024414062,546.239990234375,543.030029296875,545.510009765625,538.7991943359375,38550600,0.0,0.0,0.0
2024-06-27 00:00:00-04:00,545.3699951171875,546.9600219726562,544.6099853515625,546.3699951171875,539.6485595703125,35041500,0.0,0.0,0.0
2024-06-28 00:00:00-04:00,547.1599731445312,550.280029296875,542.9500122070312,544.219970703125,537.5250244140625,76144500,0.0,0.0,0.0
2024-07-01 00:00:00-04:00,545.6300048828125,545.8800048828125,542.52001953125,545.3400268554688,538.6312866210938,40297800,0.0,0.0,0.0
2024-07-02 00:00:00-04:00,543.7000122070312,549.010009765625,543.6500244140625,549.010009765625,542.256103515625,40434800,0.0,0.0,0.0
2024-07-03 00:00:00-04:00,548.6900024414062,551.8300170898438,548.6500244140625,551.4600219726562,544.6759643554688,32789900,0.0,0.0,0.0
2024-07-05 00:00:00-04:00,551.77001953125,555.0499877929688,551.1199951171875,554.6400146484375,547.81689453125,41488400,0.0,0.0,0.0
2024-07-08 00:00:00-04:00,555.4400024414062,556.25,554.1900024414062,555.280029296875,548.4490356445312,36110500,0.0,0.0,0.0
2024-07-09 00:00:00-04:00,556.260009765625,557.1799926757812,555.52001953125,555.8200073242188,548.9823608398438,27289700,0.0,0.0,0.0
2024-07-10 00:00:00-04:00,557.0700073242188,561.6699829101562,556.77001953125,561.3200073242188,554.4146728515625,38701200,0.0,0.0,0.0
2024-07-11 00:00:00-04:00,561.4400024414062,562.3300170898438,555.8300170898438,556.47998046875,549.6342163085938,53054200,0.0,0.0,0.0
2024-07-12 00:00:00-04:00,557.6300048828125,563.6699829101562,557.1500244140625,559.989990234375,553.1010131835938,53084400,0.0,0.0,0.0
2024-07-15 00:00:00-04:00,562.030029296875,564.8400268554688,559.6300048828125,561.530029296875,554.6221313476562,40584300,0.0,0.0,0.0
2024-07-16 00:00:00-04:00,562.8699951171875,565.1599731445312,562.0999755859375,564.8599853515625,557.9111328125,36475300,0.0,0.0,0.0
2024-07-17 00:00:00-04:00,558.7999877929688,560.510009765625,556.6099853515625,556.9400024414062,550.0885620117188,57119000,0.0,0.0,0.0
2024-07-18 00:00:00-04:00,558.510009765625,559.52001953125,550.4299926757812,552.6599731445312,545.8612060546875,56270400,0.0,0.0,0.0
2024-07-19 00:00:00-04:00,552.4199829101562,554.0800170898438,547.9099731445312,548.989990234375,542.236328125,65509100,0.0,0.0,0.0
2024-07-22 00:00:00-04:00,553.0,555.27001953125,551.02001953125,554.6500244140625,547.8267822265625,43346700,0.0,0.0,0.0
2024-07-23 00:00:00-04:00,554.5399780273438,556.739990234375,553.280029296875,553.780029296875,546.9674682617188,34439600,0.0,0.0,0.0
2024-07-24 00:00:00-04:00,548.8599853515625,549.1699829101562,540.2899780273438,541.22998046875,534.57177734375,74515300,0.0,0.0,0.0
2024-07-25 00:00:00-04:00,541.3499755859375,547.4600219726562,537.4500122070312,538.4099731445312,531.7865600585938,61158300,0.0,0.0,0.0
2024-07-26 00:00:00-04:00,542.280029296875,547.1900024414062,541.489990234375,544.4400024414062,537.7423095703125,53763800,0.0,0.0,0.0
2024-07-29 00:00:00-04:00,546.02001953125,547.0499877929688,542.719970703125,544.760009765625,538.0584716796875,39515800,0.0,0.0,0.0
2024-07-30 00:00:00-04:00,546.260009765625,547.3400268554688,538.52001953125,542.0,535.3323974609375,46853600,0.0,0.0,0.0
2024-07-31 00:00:00-04:00,548.97998046875,553.5,547.5800170898438,550.8099975585938,544.033935546875,65663400,0.0,0.0,0.0
2024-08-01 00:00:00-04:00,552.5700073242188,554.8699951171875,539.4299926757812,543.010009765625,536.3298950195312,76428700,0.0,0.0,0.0
2024-08-02 00:00:00-04:00,535.75,536.989990234375,528.5999755859375,532.9000244140625,526.3443603515625,82789100,0.0,0.0,0.0
2024-08-05 00:00:00-04:00,511.6400146484375,523.5800170898438,510.2699890136719,517.3800048828125,511.01519775390625,146267400,0.0,0.0,0.0
2024-08-06 00:00:00-04:00,519.219970703125,529.75,517.8699951171875,522.1500244140625,515.7265625,84826300,0.0,0.0,0.0
2024-08-07 00:00:00-04:00,528.469970703125,531.5900268554688,518.0499877929688,518.6599731445312,512.2794189453125,70698300,0.0,0.0,0.0
2024-08-08 00:00:00-04:00,523.9099731445312,531.2899780273438,521.8400268554688,530.6500244140625,524.1219482421875,63276600,0.0,0.0,0.0
2024-08-09 00:00:00-04:00,529.8099975585938,534.510009765625,528.5599975585938,532.989990234375,526.4332275390625,45619600,0.0,0.0,0.0
2024-08-12 00:00:00-04:00,534.2100219726562,535.72998046875,530.9500122070312,533.27001953125,526.7098388671875,42542100,0.0,0.0,0.0
2024-08-13 00:00:00-04:00,536.530029296875,542.280029296875,536.280029296875,542.0399780273438,535.3718872070312,52333100,0.0,0.0,0.0
2024-08-14 00:00:00-04:00,542.8499755859375,544.9600219726562,540.1199951171875,543.75,537.0608520507812,42446900,0.0,0.0,0.0
2024-08-15 00:00:00-04:00,549.5,553.3599853515625,548.8800048828125,553.0700073242188,546.2662353515625,60846800,0.0,0.0,0.0
2024-08-16 00:00:00-04:00,551.4199829101562,555.02001953125,551.260009765625,554.3099975585938,547.490966796875,44430700,0.0,0.0,0.0
2024-08-19 00:00:00-04:00,554.72998046875,559.6099853515625,553.8599853515625,559.6099853515625,552.7257080078125,39121800,0.0,0.0,0.0
2024-08-20 00:00:00-04:00,559.1500244140625,560.8400268554688,557.3300170898438,558.7000122070312,551.8269653320312,33732300,0.0,0.0,0.0
2024-08-21 00:00:00-04:00,559.77001953125,562.1099853515625,554.72998046875,560.6199951171875,553.7232666015625,41514600,0.0,0.0,0.0
2024-08-22 00:00:00-04:00,562.5599975585938,563.1799926757812,554.97998046875,556.219970703125,549.3773803710938,56121500,0.0,0.0,0.0
2024-08-23 00:00:00-04:00,559.530029296875,563.0900268554688,557.2899780273438,562.1300048828125,555.2147216796875,50639400,0.0,0.0,0.0
2024-08-26 00:00:00-04:00,563.1799926757812,563.9099731445312,559.0499877929688,560.7899780273438,553.8912353515625,35788600,0.0,0.0,0.0
2024-08-27 00:00:00-04:00,559.489990234375,562.0599975585938,558.3200073242188,561.5599975585938,554.6517333984375,32693900,0.0,0.0,0.0
2024-08-28 00:00:00-04:00,561.2100219726562,561.6500244140625,555.0399780273438,558.2999877929688,551.4317626953125,41066000,0.0,0.0,0.0
2024-08-29 00:00:00-04:00,560.3099975585938,563.6799926757812,557.1799926757812,558.3499755859375,551.4812622070312,38715200,0.0,0.0,0.0
2024-08-30 00:00:00-04:00,560.77001953125,564.2000122070312,557.1400146484375,563.6799926757812,556.7456665039062,62700100,0.0,0.0,0.0
2024-09-03 00:00:00-04:00,560.469970703125,560.8099975585938,549.510009765625,552.0800170898438,545.288330078125,60600100,0.0,0.0,0.0
2024-09-04 00:00:00-04:00,550.2000122070312,554.4299926757812,549.4600219726562,550.9500122070312,544.1722412109375,47224900,0.0,0.0,0.0
2024-09-05 00:00:00-04:00,550.8900146484375,553.7999877929688,547.0999755859375,549.6099853515625,542.8487548828125,44264300,0.0,0.0,0.0
2024-09-06 00:00:00-04:00,549.9400024414062,551.5999755859375,539.4400024414062,540.3599853515625,533.7125244140625,68493800,0.0,0.0,0.0
2024-09-09 00:00:00-04:00,544.6500244140625,547.7100219726562,542.6799926757812,546.4099731445312,539.6880493164062,40445800,0.0,0.0,0.0
2024-09-10 00:00:00-04:00,548.3599853515625,549.1500244140625,543.3800048828125,548.7899780273438,542.0387573242188,36394600,0.0,0.0,0.0
2024-09-11 00:00:00-04:00,548.7000122070312,555.3599853515625,539.9600219726562,554.4199829101562,547.5995483398438,75248600,0.0,0.0,0.0
2024-09-12 00:00:00-04:00,555.010009765625,559.4000244140625,552.739990234375,559.0900268554688,552.212158203125,51819600,0.0,0.0,0.0
2024-09-13 00:00:00-04:00,559.7100219726562,563.030029296875,559.4500122070312,562.010009765625,555.09619140625,39310500,0.0,0.0,0.0
2024-09-16 00:00:00-04:00,561.739990234375,563.1099853515625,559.9000244140625,562.8400268554688,555.9160766601562,36656100,0.0,0.0,0.0
2024-09-17 00:00:00-04:00,565.0999755859375,566.5800170898438,560.7899780273438,563.0700073242188,556.1431884765625,49321000,0.0,0.0,0.0
2024-09-18 00:00:00-04:00,563.739990234375,568.6900024414062,560.8300170898438,561.4000244140625,554.4937133789062,59044900,0.0,0.0,0.0
2024-09-19 00:00:00-04:00,571.010009765625,572.8800048828125,568.0800170898438,570.97998046875,563.9558715820312,75315500,0.0,0.0,0.0
2024-09-20 00:00:00-04:00,567.8400268554688,569.3099975585938,565.1699829101562,568.25,562.9810180664062,77503100,1.746,0.0,0.0
2024-09-23 00:00:00-04:00,569.3400268554688,570.3300170898438,568.0999755859375,569.6699829101562,564.3878173828125,44116900,0.0,0.0,0.0
2024-09-24 00:00:00-04:00,570.47998046875,571.3599853515625,567.5999755859375,571.2999877929688,566.002685546875,46805700,0.0,0.0,0.0
2024-09-25 00:00:00-04:00,571.1400146484375,571.8900146484375,568.9099731445312,570.0399780273438,564.75439453125,38428600,0.0,0.0,0.0
2024-09-26 00:00:00-04:00,574.3800048828125,574.7100219726562,569.9000244140625,572.2999877929688,566.993408203125,48336000,0.0,0.0,0.0
2024-09-27 00:00:00-04:00,573.3900146484375,574.219970703125,570.4199829101562,571.469970703125,566.1710815429688,42100900,0.0,0.0,0.0
2024-09-30 00:00:00-04:00,570.4199829101562,574.3800048828125,568.0800170898438,573.760009765625,568.4398803710938,63557400,0.0,0.0,0.0
2024-10-01 00:00:00-04:00,573.4000244140625,574.0599975585938,566.0,568.6199951171875,563.3475341796875,72668800,0.0,0.0,0.0
2024-10-02 00:00:00-04:00,567.7100219726562,569.9000244140625,565.27001953125,568.8599853515625,563.5852661132812,38097800,0.0,0.0,0.0
2024-10-03 00:00:00-04:00,567.3599853515625,569.7999877929688,565.489990234375,567.8200073242188,562.554931640625,40846500,0.0,0.0,0.0
2024-10-04 00:00:00-04:00,572.3499755859375,573.3599853515625,568.0999755859375,572.97998046875,567.6671142578125,42939100,0.0,0.0,0.0
2024-10-07 00:00:00-04:00,571.2999877929688,571.9600219726562,566.6300048828125,567.7999877929688,562.5350952148438,49964700,0.0,0.0,0.0
2024-10-08 00:00:00-04:00,570.4199829101562,573.780029296875,569.530029296875,573.1699829101562,567.8553466796875,37398700,0.0,0.0,0.0
2024-10-09 00:00:00-04:00,573.1599731445312,577.7100219726562,572.5499877929688,577.1400146484375,571.78857421875,37912200,0.0,0.0,0.0
2024-10-10 00:00:00-04:00,575.77001953125,577.5800170898438,574.489990234375,576.1300048828125,570.7879028320312,44138100,0.0,0.0,0.0
2024-10-11 00:00:00-04:00,576.0499877929688,580.3300170898438,575.9099731445312,579.5800170898438,574.2059326171875,42268000,0.0,0.0,0.0
2024-10-14 00:00:00-04:00,581.219970703125,585.27001953125,580.72998046875,584.3200073242188,578.9019775390625,36217200,0.0,0.0,0.0
2024-10-15 00:00:00-04:00,584.5900268554688,584.9000244140625,578.5399780273438,579.780029296875,574.4041137695312,54203600,0.0,0.0,0.0
2024-10-16 00:00:00-04:00,579.780029296875,582.8300170898438,578.9600219726562,582.2999877929688,576.9006958007812,30725400,0.0,0.0,0.0
2024-10-17 00:00:00-04:00,585.9099731445312,586.1199951171875,582.1599731445312,582.3499755859375,576.9501953125,34393700,0.0,0.0,0.0
2024-10-18 00:00:00-04:00,584.0700073242188,585.3900146484375,582.5800170898438,584.5900268554688,579.1694946289062,37416800,0.0,0.0,0.0
2024-10-21 00:00:00-04:00,583.8499755859375,584.8499755859375,580.5999755859375,583.6300048828125,578.2183837890625,36439000,0.0,0.0,0.0
2024-10-22 00:00:00-04:00,581.0499877929688,584.5,580.3800048828125,583.3200073242188,577.9112548828125,34183800,0.0,0.0,0.0
2024-10-23 00:00:00-04:00,581.260009765625,581.7100219726562,574.4199829101562,577.989990234375,572.630615234375,49314600,0.0,0.0,0.0
2024-10-24 00:00:00-04:00,579.97998046875,580.0599975585938,576.5700073242188,579.239990234375,573.8690795898438,34979900,0.0,0.0,0.0
2024-10-25 00:00:00-04:00,581.510009765625,584.4600219726562,578.0800170898438,579.0399780273438,573.6708984375,47268200,0.0,0.0,0.0
2024-10-28 00:00:00-04:00,582.5800170898438,582.7100219726562,580.52001953125,580.8300170898438,575.4443359375,30174700,0.0,0.0,0.0
2024-10-29 00:00:00-04:00,579.8499755859375,582.9099731445312,578.4299926757812,581.77001953125,576.3756713867188,42899700,0.0,0.0,0.0
2024-10-30 00:00:00-04:00,581.2899780273438,583.3200073242188,579.2899780273438,580.010009765625,574.6319580078125,41435800,0.0,0.0,0.0
2024-10-31 00:00:00-04:00,575.5599975585938,575.6300048828125,568.4400024414062,568.6400146484375,563.3673706054688,60182500,0.0,0.0,0.0
2024-11-01 00:00:00-04:00,571.3200073242188,575.5499877929688,570.6199951171875,571.0399780273438,565.7451171875,45667500,0.0,0.0,0.0
2024-11-04 00:00:00-05:00,571.1799926757812,572.5,567.8900146484375,569.8099975585938,564.5264892578125,38217000,0.0,0.0,0.0
2024-11-05 00:00:00-05:00,570.739990234375,576.739990234375,570.52001953125,576.7000122070312,571.3526000976562,39478300,0.0,0.0,0.0
2024-11-06 00:00:00-05:00,589.2000122070312,591.9299926757812,585.3900146484375,591.0399780273438,585.5596313476562,68182000,0.0,0.0,0.0
2024-11-07 00:00:00-05:00,593.0800170898438,596.6500244140625,593.0,595.6099853515625,590.0872802734375,47233200,0.0,0.0,0.0
2024-11-08 00:00:00-05:00,596.1699829101562,599.6400146484375,596.1699829101562,598.1900024414062,592.6433715820312,46444900,0.0,0.0,0.0
2024-11-11 00:00:00-05:00,599.8099975585938,600.1699829101562,597.0,598.760009765625,593.2080688476562,37586800,0.0,0.0,0.0
2024-11-12 00:00:00-05:00,598.6799926757812,599.2899780273438,594.3699951171875,596.9000244140625,591.3653564453125,43006100,0.0,0.0,0.0
2024-11-13 00:00:00-05:00,597.3699951171875,599.22998046875,594.9600219726562,597.1900024414062,591.6526489257812,47388600,0.0,0.0,0.0
2024-11-14 00:00:00-05:00,597.3200073242188,597.8099975585938,592.6500244140625,593.3499755859375,587.8482055664062,38904100,0.0,0.0,0.0
2024-11-15 00:00:00-05:00,589.719970703125,590.2000122070312,583.8599853515625,585.75,580.3186645507812,75988800,0.0,0.0,0.0
2024-11-18 00:00:00-05:00,586.219970703125,589.489990234375,585.3400268554688,588.1500244140625,582.6964111328125,37001700,0.0,0.0,0.0
2024-11-19 00:00:00-05:00,584.7100219726562,591.0399780273438,584.030029296875,590.2999877929688,584.8265380859375,49412000,0.0,0.0,0.0
2024-11-20 00:00:00-05:00,590.3800048828125,590.7899780273438,584.6300048828125,590.5,585.024658203125,50032600,0.0,0.0,0.0
2024-11-21 00:00:00-05:00,593.4000244140625,595.1199951171875,587.4500122070312,593.6699829101562,588.165283203125,46750300,0.0,0.0,0.0
2024-11-22 00:00:00-05:00,593.6599731445312,596.1500244140625,593.1500244140625,595.510009765625,589.9882202148438,38226400,0.0,0.0,0.0
2024-11-25 00:00:00-05:00,599.52001953125,600.8599853515625,595.2000122070312,597.530029296875,591.9895629882812,42441400,0.0,0.0,0.0
2024-11-26 00:00:00-05:00,598.7999877929688,601.3300170898438,598.0700073242188,600.6500244140625,595.08056640625,45621300,0.0,0.0,0.0
2024-11-27 00:00:00-05:00,600.4600219726562,600.8499755859375,597.280029296875,598.8300170898438,593.2774658203125,34000200,0.0,0.0,0.0
2024-11-29 00:00:00-05:00,599.6599731445312,603.3499755859375,599.3800048828125,602.5499877929688,596.9629516601562,30177400,0.0,0.0,0.0
2024-12-02 00:00:00-05:00,602.969970703125,604.3200073242188,602.469970703125,603.6300048828125,598.032958984375,31746000,0.0,0.0,0.0
2024-12-03 00:00:00-05:00,603.3900146484375,604.1599731445312,602.3400268554688,603.9099731445312,598.3102416992188,26906600,0.0,0.0,0.0
2024-12-04 00:00:00-05:00,605.6300048828125,607.9099731445312,604.9500122070312,607.6599731445312,602.0255126953125,42787600,0.0,0.0,0.0
2024-12-05 00:00:00-05:00,607.6599731445312,608.47998046875,606.2999877929688,606.6599731445312,601.0347900390625,28762200,0.0,0.0,0.0
2024-12-06 00:00:00-05:00,607.4400024414062,609.0700073242188,607.02001953125,607.8099975585938,602.1741333007812,31241500,0.0,0.0,0.0
2024-12-09 00:00:00-05:00,607.6900024414062,607.8599853515625,604.0800170898438,604.6799926757812,599.0731201171875,34742700,0.0,0.0,0.0
2024-12-10 00:00:00-05:00,605.3699951171875,605.7999877929688,602.1300048828125,602.7999877929688,597.2106323242188,37234500,0.0,0.0,0.0
2024-12-11 00:00:00-05:00,605.780029296875,608.4299926757812,605.5,607.4600219726562,601.827392578125,28677700,0.0,0.0,0.0
2024-12-12 00:00:00-05:00,606.5800170898438,607.1599731445312,604.3300170898438,604.3300170898438,598.7264404296875,31543800,0.0,0.0,0.0
2024-12-13 00:00:00-05:00,606.4000244140625,607.1300048828125,602.8099975585938,604.2100219726562,598.6075439453125,35904700,0.0,0.0,0.0
2024-12-16 00:00:00-05:00,606.0,607.780029296875,605.2100219726562,606.7899780273438,601.16357421875,43695200,0.0,0.0,0.0
2024-12-17 00:00:00-05:00,604.1900024414062,605.1699829101562,602.8900146484375,604.2899780273438,598.6868286132812,55773500,0.0,0.0,0.0
2024-12-18 00:00:00-05:00,603.97998046875,606.4099731445312,585.8900146484375,586.280029296875,580.8438720703125,108248700,0.0,0.0,0.0
2024-12-19 00:00:00-05:00,591.3599853515625,593.0,585.8499755859375,586.0999755859375,580.6654052734375,85919500,0.0,0.0,0.0
2024-12-20 00:00:00-05:00,581.77001953125,595.75,580.9099731445312,591.1500244140625,587.6398315429688,125716700,1.966,0.0,0.0
2024-12-23 00:00:00-05:00,590.8900146484375,595.2999877929688,587.6599731445312,594.6900024414062,591.1588134765625,57635800,0.0,0.0,0.0
2024-12-24 00:00:00-05:00,596.0599975585938,601.3400268554688,595.469970703125,601.2999877929688,597.7294921875,33160100,0.0,0.0,0.0
2024-12-26 00:00:00-05:00,599.5,602.47998046875,598.0800170898438,601.3400268554688,597.7693481445312,41219100,0.0,0.0,0.0
2024-12-27 00:00:00-05:00,597.5399780273438,597.780029296875,590.760009765625,595.010009765625,591.4768676757812,64969300,0.0,0.0,0.0
2024-12-30 00:00:00-05:00,587.8900146484375,591.739990234375,584.4099731445312,588.219970703125,584.7271728515625,56578800,0.0,0.0,0.0
2024-12-31 00:00:00-05:00,589.9099731445312,590.6400146484375,584.4199829101562,586.0800170898438,582.5999145507812,57052700,0.0,0.0,0.0
2025-01-02 00:00:00-05:00,589.3900146484375,591.1300048828125,580.5,584.6400146484375,581.16845703125,50204000,0.0,0.0,0.0
2025-01-03 00:00:00-05:00,587.530029296875,592.5999755859375,586.4299926757812,591.9500122070312,588.43505859375,37888500,0.0,0.0,0.0
2025-01-06 00:00:00-05:00,596.27001953125,599.7000122070312,593.5999755859375,595.3599853515625,591.8247680664062,47679400,0.0,0.0,0.0
2025-01-07 00:00:00-05:00,597.4199829101562,597.75,586.780029296875,588.6300048828125,585.134765625,60393100,0.0,0.0,0.0
2025-01-08 00:00:00-05:00,588.7000122070312,590.5800170898438,585.2000122070312,589.489990234375,585.9896850585938,47304700,0.0,0.0,0.0
2025-01-10 00:00:00-05:00,585.8800048828125,585.9500122070312,578.5499877929688,580.489990234375,577.0430908203125,73105000,0.0,0.0,0.0
2025-01-13 00:00:00-05:00,575.77001953125,581.75,575.3499755859375,581.3900146484375,577.937744140625,47910100,0.0,0.0,0.0
2025-01-14 00:00:00-05:00,584.3599853515625,585.0,578.3499755859375,582.1900024414062,578.7329711914062,48420600,0.0,0.0,0.0
2025-01-15 00:00:00-05:00,590.3300170898438,593.9400024414062,589.2000122070312,592.780029296875,589.2601318359375,56900200,0.0,0.0,0.0
2025-01-16 00:00:00-05:00,594.1699829101562,594.3499755859375,590.9299926757812,591.6400146484375,588.1268920898438,43319700,0.0,0.0,0.0
2025-01-17 00:00:00-05:00,596.9600219726562,599.3599853515625,595.6099853515625,597.5800170898438,594.0316162109375,58070600,0.0,0.0,0.0
2025-01-21 00:00:00-05:00,600.6699829101562,603.0599975585938,598.6699829101562,603.0499877929688,599.4691162109375,42532900,0.0,0.0,0.0
2025-01-22 00:00:00-05:00,605.9199829101562,607.8200073242188,605.3599853515625,606.4400024414062,602.8389892578125,48196000,0.0,0.0,0.0
2025-01-23 00:00:00-05:00,605.7999877929688,609.75,605.52001953125,609.75,606.1293334960938,41152100,0.0,0.0,0.0
2025-01-24 00:00:00-05:00,609.8099975585938,610.780029296875,606.7999877929688,607.969970703125,604.35986328125,34604700,0.0,0.0,0.0
2025-01-27 00:00:00-05:00,594.8099975585938,599.6900024414062,594.6400146484375,599.3699951171875,595.81103515625,70361100,0.0,0.0,0.0
2025-01-28 00:00:00-05:00,600.6199951171875,605.3699951171875,597.25,604.52001953125,600.930419921875,44433300,0.0,0.0,0.0
2025-01-29 00:00:00-05:00,603.719970703125,604.1300048828125,599.219970703125,601.8099975585938,598.2365112304688,37177400,0.0,0.0,0.0
2025-01-30 00:00:00-05:00,603.9600219726562,606.5999755859375,600.719970703125,605.0399780273438,601.4473266601562,39281300,0.0,0.0,0.0
2025-01-31 00:00:00-05:00,607.5,609.9600219726562,601.0499877929688,601.8200073242188,598.2464599609375,66566900,0.0,0.0,0.0
2025-02-03 00:00:00-05:00,592.6699829101562,600.2899780273438,590.489990234375,597.77001953125,594.2205200195312,65857200,0.0,0.0,0.0
2025-02-04 00:00:00-05:00,597.8300170898438,602.2999877929688,597.280029296875,601.780029296875,598.2066650390625,33457800,0.0,0.0,0.0
2025-02-05 00:00:00-05:00,600.6400146484375,604.3699951171875,598.5800170898438,604.219970703125,600.6321411132812,30653100,0.0,0.0,0.0
2025-02-06 00:00:00-05:00,605.989990234375,606.4500122070312,602.6300048828125,606.3200073242188,602.7197265625,35771500,0.0,0.0,0.0
2025-02-07 00:00:00-05:00,606.8900146484375,608.1300048828125,600.0499877929688,600.77001953125,597.2026977539062,50788500,0.0,0.0,0.0
2025-02-10 00:00:00-05:00,604.030029296875,605.5,602.739990234375,604.8499755859375,601.2584228515625,26048700,0.0,0.0,0.0
2025-02-11 00:00:00-05:00,602.5499877929688,605.8599853515625,602.4299926757812,605.3099975585938,601.7157592773438,30056700,0.0,0.0,0.0
2025-02-12 00:00:00-05:00,599.2000122070312,604.5499877929688,598.510009765625,603.3599853515625,599.7772827148438,45076100,0.0,0.0,0.0
2025-02-13 00:00:00-05:00,604.47998046875,609.9400024414062,603.2000122070312,609.72998046875,606.1094360351562,40921300,0.0,0.0,0.0
2025-02-14 00:00:00-05:00,609.9400024414062,610.989990234375,609.0700073242188,609.7000122070312,606.0796508789062,26910400,0.0,0.0,0.0
2025-02-18 00:00:00-05:00,610.8800048828125,611.489990234375,608.3800048828125,611.489990234375,607.8590087890625,26749000,0.0,0.0,0.0
2025-02-19 00:00:00-05:00,610.0800170898438,613.22998046875,609.5599975585938,612.9299926757812,609.2904663085938,31011100,0.0,0.0,0.0
2025-02-20 00:00:00-05:00,611.5399780273438,611.6799926757812,607.02001953125,610.3800048828125,606.755615234375,36554000,0.0,0.0,0.0
2025-02-21 00:00:00-05:00,610.1599731445312,610.2999877929688,599.469970703125,599.9400024414062,596.3776245117188,76519800,0.0,0.0,0.0
2025-02-24 00:00:00-05:00,602.02001953125,603.030029296875,596.489990234375,597.2100219726562,593.663818359375,50737200,0.0,0.0,0.0
2025-02-25 00:00:00-05:00,597.1500244140625,597.8900146484375,589.5599975585938,594.239990234375,590.71142578125,58266500,0.0,0.0,0.0
2025-02-26 00:00:00-05:00,595.9299926757812,599.5800170898438,591.8599853515625,594.5399780273438,591.0096435546875,43321600,0.0,0.0,0.0
2025-02-27 00:00:00-05:00,596.8499755859375,598.02001953125,584.6500244140625,585.0499877929688,581.5759887695312,74196700,0.0,0.0,0.0
2025-02-28 00:00:00-05:00,585.5599975585938,594.719970703125,582.4400024414062,594.1799926757812,590.6517944335938,88744100,0.0,0.0,0.0
2025-03-03 00:00:00-05:00,596.1799926757812,597.3400268554688,579.9000244140625,583.77001953125,580.3036499023438,74249200,0.0,0.0,0.0
2025-03-04 00:00:00-05:00,579.7100219726562,585.3900146484375,572.25,576.8599853515625,573.4346313476562,109648200,0.0,0.0,0.0
2025-03-05 00:00:00-05:00,576.6900024414062,584.8800048828125,573.0800170898438,583.0599975585938,579.5978393554688,71230500,0.0,0.0,0.0
2025-03-06 00:00:00-05:00,575.47998046875,580.1699829101562,570.1199951171875,572.7100219726562,569.309326171875,80094900,0.0,0.0,0.0
2025-03-07 00:00:00-05:00,570.9000244140625,577.3900146484375,565.6300048828125,575.9199829101562,572.5001831054688,81158800,0.0,0.0,0.0
2025-03-10 00:00:00-04:00,567.5900268554688,569.5399780273438,555.5900268554688,560.5800170898438,557.2513427734375,99326600,0.0,0.0,0.0
2025-03-11 00:00:00-04:00,559.4000244140625,564.02001953125,552.02001953125,555.9199829101562,552.6189575195312,88102100,0.0,0.0,0.0
2025-03-12 00:00:00-04:00,562.1699829101562,563.1099853515625,553.6900024414062,558.8699951171875,555.551513671875,69588200,0.0,0.0,0.0
2025-03-13 00:00:00-04:00,558.489990234375,559.1099853515625,549.6799926757812,551.4199829101562,548.1456909179688,74079400,0.0,0.0,0.0
2025-03-14 00:00:00-04:00,556.1099853515625,563.8300170898438,551.489990234375,562.8099975585938,559.4680786132812,62660300,0.0,0.0,0.0
2025-03-17 00:00:00-04:00,562.7899780273438,569.7100219726562,562.3499755859375,567.1500244140625,563.7823486328125,49008700,0.0,0.0,0.0
2025-03-18 00:00:00-04:00,564.7999877929688,565.02001953125,559.0599975585938,561.02001953125,557.688720703125,66041400,0.0,0.0,0.0
2025-03-19 00:00:00-04:00,562.8300170898438,570.9500122070312,561.6300048828125,567.1300048828125,563.762451171875,66556000,0.0,0.0,0.0
2025-03-20 00:00:00-04:00,563.3300170898438,570.5700073242188,562.5999755859375,565.489990234375,562.1321411132812,62958200,0.0,0.0,0.0
2025-03-21 00:00:00-04:00,559.280029296875,564.8900146484375,558.030029296875,563.97998046875,562.317626953125,83763000,1.696,0.0,0.0
2025-03-24 00:00:00-04:00,570.7999877929688,575.1500244140625,570.2000122070312,574.0800170898438,572.3878784179688,58766800,0.0,0.0,0.0
2025-03-25 00:00:00-04:00,575.2999877929688,576.4099731445312,573.6900024414062,575.4600219726562,573.7637939453125,38355700,0.0,0.0,0.0
2025-03-26 00:00:00-04:00,575.1900024414062,576.3300170898438,567.1900024414062,568.5900268554688,566.9140625,51848300,0.0,0.0,0.0
2025-03-27 00:00:00-04:00,567.1799926757812,570.9000244140625,564.9400024414062,567.0800170898438,565.4085083007812,42164200,0.0,0.0,0.0
2025-03-28 00:00:00-04:00,565.530029296875,566.27001953125,555.0700073242188,555.6599731445312,554.0221557617188,71662700,0.0,0.0,0.0
2025-03-31 00:00:00-04:00,549.8300170898438,560.7100219726562,546.8699951171875,559.3900146484375,557.7411499023438,95328200,0.0,0.0,0.0
2025-04-01 00:00:00-04:00,557.4500122070312,562.9400024414062,553.6799926757812,560.969970703125,559.3164672851562,54609600,0.0,0.0,0.0
2025-04-02 00:00:00-04:00,555.0499877929688,567.4199829101562,554.8099975585938,564.52001953125,562.8560791015625,76014500,0.0,0.0,0.0
2025-04-03 00:00:00-04:00,545.1099853515625,547.969970703125,536.7000122070312,536.7000122070312,535.1180419921875,125986000,0.0,0.0,0.0
2025-04-04 00:00:00-04:00,523.6699829101562,525.8699951171875,505.05999755859375,505.2799987792969,503.7906494140625,217965100,0.0,0.0,0.0
2025-04-07 00:00:00-04:00,489.19000244140625,523.1699829101562,481.79998779296875,504.3800048828125,502.893310546875,256611400,0.0,0.0,0.0
2025-04-08 00:00:00-04:00,521.8599853515625,524.97998046875,489.1600036621094,496.4800109863281,495.0166015625,165816600,0.0,0.0,0.0
2025-04-09 00:00:00-04:00,493.44000244140625,548.6199951171875,493.04998779296875,548.6199951171875,547.0029296875,241867300,0.0,0.0,0.0
2025-04-10 00:00:00-04:00,532.1699829101562,533.5,509.32000732421875,524.5800170898438,523.0337524414062,162331200,0.0,0.0,0.0
2025-04-11 00:00:00-04:00,523.010009765625,536.4299926757812,520.0700073242188,533.9400024414062,532.3661499023438,97866300,0.0,0.0,0.0
2025-04-14 00:00:00-04:00,544.0499877929688,544.280029296875,533.8599853515625,539.1199951171875,537.5308837890625,68034000,0.0,0.0,0.0
2025-04-15 00:00:00-04:00,539.6699829101562,543.22998046875,536.8099975585938,537.6099853515625,536.0253295898438,56892900,0.0,0.0,0.0
2025-04-16 00:00:00-04:00,531.6799926757812,537.8900146484375,520.2899780273438,525.6599731445312,524.1105346679688,83484800,0.0,0.0,0.0
2025-04-17 00:00:00-04:00,527.6400146484375,531.1699829101562,523.9099731445312,526.4099731445312,524.8583374023438,79868100,0.0,0.0,0.0
2025-04-21 00:00:00-04:00,521.1599731445312,521.7000122070312,508.4599914550781,513.8800048828125,512.3652954101562,69368100,0.0,0.0,0.0
2025-04-22 00:00:00-04:00,520.1400146484375,529.2999877929688,519.1900024414062,527.25,525.6959228515625,75948100,0.0,0.0,0.0
2025-04-23 00:00:00-04:00,540.4299926757812,545.4299926757812,533.8800048828125,535.4199829101562,533.841796875,90590700,0.0,0.0,0.0
2025-04-24 00:00:00-04:00,536.719970703125,547.4299926757812,535.4500122070312,546.6900024414062,545.07861328125,64150400,0.0,0.0,0.0
2025-04-25 00:00:00-04:00,546.6500244140625,551.0499877929688,543.6900024414062,550.6400146484375,549.0169677734375,61119600,0.0,0.0,0.0
2025-04-28 00:00:00-04:00,551.3900146484375,553.5499877929688,545.02001953125,550.8499755859375,549.226318359375,47613800,0.0,0.0,0.0
2025-04-29 00:00:00-04:00,548.9099731445312,555.4500122070312,548.5499877929688,554.3200073242188,552.6860961914062,47775100,0.0,0.0,0.0
2025-04-30 00:00:00-04:00,547.5700073242188,556.52001953125,541.52001953125,554.5399780273438,552.9054565429688,93101500,0.0,0.0,0.0
2025-05-01 00:00:00-04:00,560.3699951171875,564.0700073242188,557.8599853515625,558.469970703125,556.8238525390625,63186100,0.0,0.0,0.0
2025-05-02 00:00:00-04:00,564.72998046875,568.3800048828125,562.3800048828125,566.760009765625,565.0894165039062,60717300,0.0,0.0,0.0
2025-05-05 00:00:00-04:00,562.5700073242188,566.6500244140625,561.7000122070312,563.510009765625,561.8489990234375,38659200,0.0,0.0,0.0
2025-05-06 00:00:00-04:00,557.9299926757812,563.3499755859375,556.9600219726562,558.7999877929688,557.1528930664062,48264700,0.0,0.0,0.0
2025-05-07 00:00:00-04:00,560.1500244140625,563.8200073242188,556.0399780273438,561.1500244140625,559.4959716796875,55588000,0.0,0.0,0.0
2025-05-08 00:00:00-04:00,565.239990234375,570.3099975585938,561.7000122070312,565.0599975585938,563.3944702148438,65130800,0.0,0.0,0.0
2025-05-09 00:00:00-04:00,566.47998046875,567.5,562.760009765625,564.3400268554688,562.6765747070312,37603400,0.0,0.0,0.0
2025-05-12 00:00:00-04:00,581.469970703125,583.0,577.0399780273438,582.989990234375,581.2716064453125,78993600,0.0,0.0,0.0
2025-05-13 00:00:00-04:00,583.4099731445312,589.0800170898438,582.8400268554688,586.8400268554688,585.1102905273438,67947200,0.0,0.0,0.0
2025-05-14 00:00:00-04:00,587.8099975585938,588.97998046875,585.5399780273438,587.5900268554688,585.8580932617188,66283500,0.0,0.0,0.0
2025-05-15 00:00:00-04:00,585.5599975585938,590.969970703125,585.0999755859375,590.4600219726562,588.7196044921875,71268100,0.0,0.0,0.0
2025-05-16 00:00:00-04:00,591.25,594.5,589.280029296875,594.2000122070312,592.4485473632812,76052100,0.0,0.0,0.0
2025-05-19 00:00:00-04:00,588.0999755859375,595.5399780273438,588.0999755859375,594.8499755859375,593.0966186523438,68168500,0.0,0.0,0.0
2025-05-20 00:00:00-04:00,593.0900268554688,594.0499877929688,589.5999755859375,592.8499755859375,591.1025390625,60614500,0.0,0.0,0.0
2025-05-21 00:00:00-04:00,588.4400024414062,592.5800170898438,581.8200073242188,582.8599853515625,581.1419677734375,95197700,0.0,0.0,0.0
2025-05-22 00:00:00-04:00,582.6599731445312,586.6199951171875,581.4099731445312,583.0900268554688,581.371337890625,70860400,0.0,0.0,0.0
2025-05-23 00:00:00-04:00,575.97998046875,581.8099975585938,575.5999755859375,579.1099853515625,577.4030151367188,76029000,0.0,0.0,0.0
2025-05-27 00:00:00-04:00,586.0700073242188,591.3099975585938,578.4299926757812,591.1500244140625,589.4075927734375,72588500,0.0,0.0,0.0
2025-05-28 00:00:00-04:00,591.5599975585938,592.77001953125,586.989990234375,587.72998046875,585.9976196289062,68445500,0.0,0.0,0.0
2025-05-29 00:00:00-04:00,593.0599975585938,593.2000122070312,586.0700073242188,590.0499877929688,588.310791015625,69973300,0.0,0.0,0.0
2025-05-30 00:00:00-04:00,588.9299926757812,591.1300048828125,583.239990234375,589.3900146484375,587.6527709960938,90601200,0.0,0.0,0.0
2025-06-02 00:00:00-04:00,587.760009765625,592.7899780273438,585.0599975585938,592.7100219726562,590.9629516601562,61630500,0.0,0.0,0.0
2025-06-03 00:00:00-04:00,592.3400268554688,597.0800170898438,591.8499755859375,596.0900268554688,594.3330078125,63606200,0.0,0.0,0.0
2025-06-04 00:00:00-04:00,596.9600219726562,597.9500122070312,595.489990234375,595.9299926757812,594.1734619140625,57314200,0.0,0.0,0.0
2025-06-05 00:00:00-04:00,597.6300048828125,599.0,591.0499877929688,593.0499877929688,591.3019409179688,92278700,0.0,0.0,0.0
2025-06-06 00:00:00-04:00,598.6599731445312,600.8300170898438,596.8599853515625,599.1400146484375,597.3740234375,66588700,0.0,0.0,0.0
2025-06-09 00:00:00-04:00,599.719970703125,601.25,598.489990234375,599.6799926757812,597.9124145507812,53016400,0.0,0.0,0.0
2025-06-10 00:00:00-04:00,600.219970703125,603.469970703125,599.0900268554688,603.0800170898438,601.3023681640625,66247000,0.0,0.0,0.0
2025-06-11 00:00:00-04:00,604.1900024414062,605.0599975585938,599.27001953125,601.3599853515625,599.5874633789062,73658200,0.0,0.0,0.0
2025-06-12 00:00:00-04:00,600.010009765625,603.75,599.52001953125,603.75,601.9703979492188,64129000,0.0,0.0,0.0
2025-06-13 00:00:00-04:00,598.5,601.8499755859375,595.47998046875,597.0,595.2402954101562,89506000,0.0,0.0,0.0
2025-06-16 00:00:00-04:00,600.4000244140625,604.4500122070312,600.219970703125,602.6799926757812,600.903564453125,79984100,0.0,0.0,0.0
2025-06-17 00:00:00-04:00,600.2100219726562,601.75,596.760009765625,597.530029296875,595.768798828125,82209400,0.0,0.0,0.0
2025-06-18 00:00:00-04:00,598.4400024414062,601.219970703125,596.469970703125,597.4400024414062,595.6790161132812,76605000,0.0,0.0,0.0
2025-06-20 00:00:00-04:00,598.3800048828125,599.4600219726562,592.8599853515625,594.280029296875,594.280029296875,94051400,1.761,0.0,0.0
2025-06-23 00:00:00-04:00,595.0399780273438,600.5399780273438,591.8900146484375,600.1500244140625,600.1500244140625,87426000,0.0,0.0,0.0
2025-06-24 00:00:00-04:00,604.3300170898438,607.8499755859375,603.4099731445312,606.780029296875,606.780029296875,67735300,0.0,0.0,0.0
2025-06-25 00:00:00-04:00,607.9099731445312,608.6099853515625,605.5399780273438,607.1199951171875,607.1199951171875,62114800,0.0,0.0,0.0
2025-06-26 00:00:00-04:00,608.989990234375,612.3099975585938,608.3699951171875,611.8699951171875,611.8699951171875,78548400,0.0,0.0,0.0
2025-06-27 00:00:00-04:00,612.8800048828125,616.3900146484375,610.8300170898438,614.9099731445312,614.9099731445312,86258400,0.0,0.0,0.0
2025-06-30 00:00:00-04:00,617.3800048828125,619.219970703125,615.0399780273438,617.8499755859375,617.8499755859375,92502500,0.0,0.0,0.0
2025-07-01 00:00:00-04:00,616.3599853515625,618.8300170898438,615.52001953125,617.6500244140625,617.6500244140625,70030100,0.0,0.0,0.0
2025-07-02 00:00:00-04:00,617.239990234375,620.489990234375,616.6099853515625,620.4500122070312,620.4500122070312,66510400,0.0,0.0,0.0
2025-07-03 00:00:00-04:00,622.4500122070312,626.280029296875,622.4299926757812,625.3400268554688,625.3400268554688,51065800,0.0,0.0,0.0
2025-07-07 00:00:00-04:00,623.3599853515625,624.030029296875,617.8699951171875,620.6799926757812,620.6799926757812,74814500,0.0,0.0,0.0
2025-07-08 00:00:00-04:00,621.3499755859375,622.1099853515625,619.52001953125,620.3400268554688,620.3400268554688,59024600,0.0,0.0,0.0
2025-07-09 00:00:00-04:00,622.77001953125,624.719970703125,620.9099731445312,624.0599975585938,624.0599975585938,66113300,0.0,0.0,0.0
2025-07-10 00:00:00-04:00,624.2000122070312,626.8699951171875,623.010009765625,625.8200073242188,625.8200073242188,57529000,0.0,0.0,0.0
2025-07-11 00:00:00-04:00,622.739990234375,624.8599853515625,621.530029296875,623.6199951171875,623.6199951171875,63670200,0.0,0.0,0.0
2025-07-14 00:00:00-04:00,623.1599731445312,625.1599731445312,621.7999877929688,624.8099975585938,624.8099975585938,51898500,0.0,0.0,0.0
2025-07-15 00:00:00-04:00,627.52001953125,627.8599853515625,622.0599975585938,622.1400146484375,622.1400146484375,74317300,0.0,0.0,0.0
2025-07-16 00:00:00-04:00,623.739990234375,624.72998046875,618.0499877929688,624.219970703125,624.219970703125,88987500,0.0,0.0,0.0
2025-07-17 00:00:00-04:00,624.4000244140625,628.4000244140625,624.1799926757812,628.0399780273438,628.0399780273438,68885700,0.0,0.0,0.0
2025-07-18 00:00:00-04:00,629.2999877929688,629.469970703125,626.4600219726562,627.5800170898438,627.5800170898438,65621600,0.0,0.0,0.0
2025-07-21 00:00:00-04:00,628.77001953125,631.5399780273438,628.3400268554688,628.77001953125,628.77001953125,63375000,0.0,0.0,0.0
2025-07-22 00:00:00-04:00,629.0999755859375,629.72998046875,626.1900024414062,628.8599853515625,628.8599853515625,60046300,0.0,0.0,0.0
2025-07-23 00:00:00-04:00,631.5499877929688,634.2100219726562,629.72998046875,634.2100219726562,634.2100219726562,70511000,0.0,0.0,0.0
2025-07-24 00:00:00-04:00,634.5999755859375,636.1500244140625,633.989990234375,634.4199829101562,634.4199829101562,71307100,0.0,0.0,0.0
2025-07-25 00:00:00-04:00,635.0900268554688,637.5800170898438,634.8400268554688,637.0999755859375,637.0999755859375,56865400,0.0,0.0,0.0
2025-07-28 00:00:00-04:00,637.47998046875,638.0399780273438,635.5399780273438,636.9400024414062,636.9400024414062,54917100,0.0,0.0,0.0
2025-07-29 00:00:00-04:00,638.3499755859375,638.6699829101562,634.3400268554688,635.260009765625,635.260009765625,60514000,0.0,0.0,0.0
2025-07-30 00:00:00-04:00,635.9199829101562,636.8200073242188,635.0,635.6300048828125,635.6300048828125,16044342,0.0,0.0,0.0
